/*
SQLyog Enterprise - MySQL GUI v8.1 
MySQL - 8.0.35 : Database - jcms
*********************************************************************
*/

/*!40101 SET NAMES utf8 */;

/*!40101 SET SQL_MODE=''*/;

/*!40014 SET @OLD_FOREIGN_KEY_CHECKS=@@FOREIGN_KEY_CHECKS, FOREIGN_KEY_CHECKS=0 */;
/*!40101 SET @OLD_SQL_MODE=@@SQL_MODE, SQL_MODE='NO_AUTO_VALUE_ON_ZERO' */;

CREATE DATABASE /*!32312 IF NOT EXISTS*/`jcms` /*!40100 DEFAULT CHARACTER SET utf8mb4 COLLATE utf8mb4_0900_ai_ci */ /*!80016 DEFAULT ENCRYPTION='N' */;

USE `jcms`;

/*Table structure for table `sm_logindetails` */

DROP TABLE IF EXISTS `sm_logindetails`;

CREATE TABLE `sm_logindetails` (
  `id` int NOT NULL AUTO_INCREMENT,
  `name` varchar(100) CHARACTER SET latin1 COLLATE latin1_swedish_ci DEFAULT NULL,
  `logintime` timestamp NULL DEFAULT NULL,
  `logouttime` timestamp NULL DEFAULT NULL,
  `dateadded` date DEFAULT NULL,
  PRIMARY KEY (`id`)
) ENGINE=InnoDB AUTO_INCREMENT=1099 DEFAULT CHARSET=latin1;

/*Data for the table `sm_logindetails` */

insert  into `sm_logindetails`(id,name,logintime,logouttime,dateadded) values (4,'p1','2022-11-22 11:57:57',NULL,'2022-11-22'),(5,'p1',NULL,'2022-11-22 11:58:28','2022-11-22'),(6,'n1','2022-11-22 12:03:58',NULL,'2022-11-22'),(7,'p1','2022-11-22 14:47:02',NULL,'2022-11-22'),(8,'p1','2022-11-22 14:47:02',NULL,'2022-11-22'),(9,'p1','2022-11-22 15:41:27',NULL,'2022-11-22'),(10,'p1',NULL,'2022-11-22 15:42:16','2022-11-22'),(11,'p1','2022-11-22 15:45:01',NULL,'2022-11-22'),(12,'b1','2022-11-22 17:26:49',NULL,'2022-11-22'),(13,'p1','2022-11-22 17:29:45',NULL,'2022-11-22'),(14,'p1','2022-11-22 17:41:39',NULL,'2022-11-22'),(15,'p1','2022-11-22 17:44:52',NULL,'2022-11-22'),(16,'p1','2022-11-23 10:37:30',NULL,'2022-11-23'),(17,'p1','2022-11-23 10:38:47',NULL,'2022-11-23'),(18,'p1','2022-11-23 10:39:11',NULL,'2022-11-23'),(19,'p1','2022-11-23 10:41:08',NULL,'2022-11-23'),(20,'n1','2022-11-23 10:52:11',NULL,'2022-11-23'),(21,'n1',NULL,'2022-11-23 10:52:32','2022-11-23'),(22,'p1','2022-11-23 10:54:22',NULL,'2022-11-23'),(23,'p1',NULL,'2022-11-23 10:54:33','2022-11-23'),(24,'p1','2022-11-23 11:08:47',NULL,'2022-11-23'),(25,'p1',NULL,'2022-11-23 11:11:27','2022-11-23'),(26,'n1','2022-11-23 11:20:01',NULL,'2022-11-23'),(27,'n1',NULL,'2022-11-23 11:21:05','2022-11-23'),(28,'n1','2022-11-23 12:34:53',NULL,'2022-11-23'),(29,'n1','2022-11-23 13:11:09',NULL,'2022-11-23'),(30,'n1',NULL,'2022-11-23 13:13:00','2022-11-23'),(31,'n1','2022-11-23 13:29:07',NULL,'2022-11-23'),(32,'n1','2022-11-23 13:51:54',NULL,'2022-11-23'),(33,'n1','2022-11-23 19:46:34',NULL,'2022-11-23'),(34,'n1','2022-11-23 19:56:57',NULL,'2022-11-23'),(35,'n1','2022-11-23 19:58:57',NULL,'2022-11-23'),(36,'n1','2022-11-23 20:01:24',NULL,'2022-11-23'),(37,'n1',NULL,'2022-11-23 20:01:40','2022-11-23'),(38,'n1','2022-11-23 20:33:35',NULL,'2022-11-23'),(39,'n1','2022-11-23 20:35:06',NULL,'2022-11-23'),(40,'n1','2022-11-23 20:41:45',NULL,'2022-11-23'),(41,'n1','2022-11-23 20:44:51',NULL,'2022-11-23'),(42,'n1','2022-11-23 20:45:30',NULL,'2022-11-23'),(43,'n1','2022-11-23 20:46:49',NULL,'2022-11-23'),(44,'n1','2022-11-23 20:54:41',NULL,'2022-11-23'),(45,'n1','2022-11-23 20:54:41',NULL,'2022-11-23'),(46,'n1',NULL,'2022-11-23 20:54:48','2022-11-23'),(47,'n1','2022-11-23 20:55:58',NULL,'2022-11-23'),(48,'n1',NULL,'2022-11-23 20:56:43','2022-11-23'),(49,'n1','2022-11-23 21:00:13',NULL,'2022-11-23'),(50,'n1','2022-11-23 21:02:13',NULL,'2022-11-23'),(51,'n1',NULL,'2022-11-23 21:04:41','2022-11-23'),(52,'n1','2022-11-23 21:08:45',NULL,'2022-11-23'),(53,'n1','2022-11-23 21:14:12',NULL,'2022-11-23'),(54,'n1','2022-11-23 21:20:17',NULL,'2022-11-23'),(55,'n1',NULL,'2022-11-23 21:21:16','2022-11-23'),(56,'n1','2022-11-23 21:21:23',NULL,'2022-11-23'),(57,'n1','2022-11-23 21:25:24',NULL,'2022-11-23'),(58,'p1','2022-11-23 21:30:29',NULL,'2022-11-23'),(59,'p1',NULL,'2022-11-23 21:31:49','2022-11-23'),(60,'n1',NULL,'2022-11-23 21:32:30','2022-11-23'),(61,'n1','2022-11-24 10:00:37',NULL,'2022-11-24'),(62,'n1','2022-11-24 10:00:37',NULL,'2022-11-24'),(63,'n1',NULL,'2022-11-24 10:01:23','2022-11-24'),(64,'n1','2022-11-24 10:56:16',NULL,'2022-11-24'),(65,'n1',NULL,'2022-11-24 10:56:39','2022-11-24'),(66,'n1','2022-11-24 11:38:39',NULL,'2022-11-24'),(67,'n1','2022-11-24 11:47:07',NULL,'2022-11-24'),(68,'n1','2022-11-24 17:39:05',NULL,'2022-11-24'),(69,'n1',NULL,'2022-11-24 17:39:28','2022-11-24'),(70,'n1','2022-11-24 17:42:50',NULL,'2022-11-24'),(71,'n1','2022-11-24 17:43:33',NULL,'2022-11-24'),(72,'n1',NULL,'2022-11-24 17:44:33','2022-11-24'),(73,'n1','2022-11-24 17:50:24',NULL,'2022-11-24'),(74,'n1',NULL,'2022-11-24 17:51:06','2022-11-24'),(75,'n1','2022-11-24 17:53:26',NULL,'2022-11-24'),(76,'n1',NULL,'2022-11-24 17:55:09','2022-11-24'),(77,'n1','2022-11-24 17:55:30',NULL,'2022-11-24'),(78,'n1',NULL,'2022-11-24 17:55:39','2022-11-24'),(79,'n1','2022-11-24 17:57:20',NULL,'2022-11-24'),(80,'n1',NULL,'2022-11-24 17:58:30','2022-11-24'),(81,'n1','2022-11-24 18:00:25',NULL,'2022-11-24'),(82,'n1',NULL,'2022-11-24 18:01:06','2022-11-24'),(83,'n1','2022-11-24 19:09:17',NULL,'2022-11-24'),(84,'n1',NULL,'2022-11-24 19:09:55','2022-11-24'),(85,'n1','2022-11-24 19:11:13',NULL,'2022-11-24'),(86,'n1','2022-11-25 12:36:13',NULL,'2022-11-25'),(87,'n1','2022-11-25 12:36:15',NULL,'2022-11-25'),(88,'n1','2022-11-25 12:36:15',NULL,'2022-11-25'),(89,'n1','2022-11-25 12:36:15',NULL,'2022-11-25'),(90,'n1','2022-11-25 12:36:15',NULL,'2022-11-25'),(91,'n1','2022-11-25 12:36:15',NULL,'2022-11-25'),(92,'n1','2022-11-25 12:36:16',NULL,'2022-11-25'),(93,'n1','2022-11-25 12:36:16',NULL,'2022-11-25'),(94,'n1','2022-11-25 12:36:16',NULL,'2022-11-25'),(95,'n1','2022-11-25 12:36:16',NULL,'2022-11-25'),(96,'n1','2022-11-25 12:36:17',NULL,'2022-11-25'),(97,'n1','2022-11-25 12:36:17',NULL,'2022-11-25'),(98,'n1','2022-11-25 12:36:17',NULL,'2022-11-25'),(99,'n1','2022-11-25 12:36:17',NULL,'2022-11-25'),(100,'n1','2022-11-25 12:36:17',NULL,'2022-11-25'),(101,'n1','2022-11-25 12:36:18',NULL,'2022-11-25'),(102,'n1','2022-11-25 12:36:18',NULL,'2022-11-25'),(103,'n1','2022-11-25 12:36:18',NULL,'2022-11-25'),(104,'n1','2022-11-25 12:36:18',NULL,'2022-11-25'),(105,'n1','2022-11-25 12:36:18',NULL,'2022-11-25'),(106,'n1','2022-11-25 12:36:23',NULL,'2022-11-25'),(107,'n1','2022-11-25 12:36:23',NULL,'2022-11-25'),(108,'n1','2022-11-25 12:36:24',NULL,'2022-11-25'),(109,'n1','2022-11-25 12:36:24',NULL,'2022-11-25'),(110,'n1','2022-11-25 12:36:24',NULL,'2022-11-25'),(111,'n1','2022-11-25 12:36:24',NULL,'2022-11-25'),(112,'n1','2022-11-25 12:36:24',NULL,'2022-11-25'),(113,'n1','2022-11-25 12:36:24',NULL,'2022-11-25'),(114,'n1','2022-11-25 12:36:24',NULL,'2022-11-25'),(115,'n1','2022-11-25 12:36:24',NULL,'2022-11-25'),(116,'n1','2022-11-25 12:36:54',NULL,'2022-11-25'),(117,'n1','2022-11-25 12:36:54',NULL,'2022-11-25'),(118,'n1','2022-11-25 12:36:55',NULL,'2022-11-25'),(119,'n1','2022-11-25 12:36:55',NULL,'2022-11-25'),(120,'n1','2022-11-25 12:36:55',NULL,'2022-11-25'),(121,'n1','2022-11-25 12:36:55',NULL,'2022-11-25'),(122,'n1','2022-11-25 12:36:55',NULL,'2022-11-25'),(123,'n1','2022-11-25 12:36:55',NULL,'2022-11-25'),(124,'n1','2022-11-25 12:36:55',NULL,'2022-11-25'),(125,'n1','2022-11-25 12:36:55',NULL,'2022-11-25'),(126,'n1','2022-11-25 12:57:19',NULL,'2022-11-25'),(127,'n1','2022-11-25 12:58:28',NULL,'2022-11-25'),(128,'n1','2022-11-25 13:28:28',NULL,'2022-11-25'),(129,'n1','2022-11-25 13:30:09',NULL,'2022-11-25'),(130,'n1',NULL,'2022-11-25 13:30:29','2022-11-25'),(131,'n1','2022-11-25 13:44:11',NULL,'2022-11-25'),(132,'n1','2022-11-25 14:52:40',NULL,'2022-11-25'),(133,'n1',NULL,'2022-11-25 14:53:44','2022-11-25'),(134,'n1','2022-11-25 14:56:18',NULL,'2022-11-25'),(135,'n1',NULL,'2022-11-25 15:01:12','2022-11-25'),(136,'n1','2022-11-25 16:14:59',NULL,'2022-11-25'),(137,'n1',NULL,'2022-11-25 16:19:42','2022-11-25'),(138,'n1','2022-11-25 16:19:54',NULL,'2022-11-25'),(139,'p1','2022-11-25 17:04:45',NULL,'2022-11-25'),(140,'p1','2022-11-25 17:07:12',NULL,'2022-11-25'),(141,'n1','2022-11-25 17:09:47',NULL,'2022-11-25'),(142,'n1','2022-11-25 17:12:17',NULL,'2022-11-25'),(143,'n1',NULL,'2022-11-25 17:40:51','2022-11-25'),(144,'n1','2022-11-25 17:40:59',NULL,'2022-11-25'),(145,'n1','2022-11-25 17:56:30',NULL,'2022-11-25'),(146,'n1',NULL,'2022-11-25 18:03:07','2022-11-25'),(147,'n2','2022-11-25 18:03:22',NULL,'2022-11-25'),(148,'n2',NULL,'2022-11-25 18:06:47','2022-11-25'),(149,'n2','2022-11-25 18:07:00',NULL,'2022-11-25'),(150,'n2',NULL,'2022-11-25 18:11:31','2022-11-25'),(151,'n2','2022-11-25 18:11:39',NULL,'2022-11-25'),(152,'n2',NULL,'2022-11-25 18:12:02','2022-11-25'),(153,'n2','2022-11-25 18:12:58',NULL,'2022-11-25'),(154,'n2',NULL,'2022-11-25 18:13:06','2022-11-25'),(155,'n2','2022-11-25 18:19:10',NULL,'2022-11-25'),(156,'n2','2022-11-25 18:20:32',NULL,'2022-11-25'),(157,'n2',NULL,'2022-11-25 18:28:03','2022-11-25'),(158,'n2','2022-11-26 16:58:27',NULL,'2022-11-26'),(159,'n2',NULL,'2022-11-26 17:00:46','2022-11-26'),(160,'n1','2022-11-26 17:00:59',NULL,'2022-11-26'),(161,'n1',NULL,'2022-11-26 17:05:36','2022-11-26'),(162,'n1','2022-11-26 17:22:07',NULL,'2022-11-26'),(163,'n1',NULL,'2022-11-26 17:22:34','2022-11-26'),(164,'n1','2022-11-27 05:49:10',NULL,'2022-11-27'),(165,'n1',NULL,'2022-11-27 06:18:49','2022-11-27'),(166,'n1','2022-11-27 06:18:58',NULL,'2022-11-27'),(167,'n1',NULL,'2022-11-27 06:29:29','2022-11-27'),(168,'n1','2022-11-27 06:33:38',NULL,'2022-11-27'),(169,'n1',NULL,'2022-11-27 06:33:46','2022-11-27'),(170,'n1','2022-11-27 06:46:45',NULL,'2022-11-27'),(171,'n1',NULL,'2022-11-27 06:56:46','2022-11-27'),(172,'n1','2022-11-27 06:56:54',NULL,'2022-11-27'),(173,'n1','2022-11-27 07:24:24',NULL,'2022-11-27'),(174,'n1',NULL,'2022-11-27 07:29:14','2022-11-27'),(175,'n2','2022-11-27 07:29:49',NULL,'2022-11-27'),(176,'n2','2022-11-27 07:33:02',NULL,'2022-11-27'),(177,'n2',NULL,'2022-11-27 07:33:11','2022-11-27'),(178,'b1','2022-11-27 07:33:40',NULL,'2022-11-27'),(179,'b1',NULL,'2022-11-27 07:39:24','2022-11-27'),(180,'n2','2022-11-27 07:40:39',NULL,'2022-11-27'),(181,'n2',NULL,'2022-11-27 07:40:43','2022-11-27'),(182,'n2','2022-11-27 07:49:40',NULL,'2022-11-27'),(183,'n2',NULL,'2022-11-27 07:49:47','2022-11-27'),(184,'n2','2022-11-27 08:30:32',NULL,'2022-11-27'),(185,'n2',NULL,'2022-11-27 08:31:14','2022-11-27'),(186,'n2','2022-11-27 08:34:24',NULL,'2022-11-27'),(187,'n2',NULL,'2022-11-27 08:34:27','2022-11-27'),(188,'n2','2022-11-27 08:47:53',NULL,'2022-11-27'),(189,'n2',NULL,'2022-11-27 08:48:35','2022-11-27'),(190,'n2','2022-11-27 08:49:03',NULL,'2022-11-27'),(191,'n2',NULL,'2022-11-27 08:49:07','2022-11-27'),(192,'n1','2022-11-27 08:49:15',NULL,'2022-11-27'),(193,'n1',NULL,'2022-11-27 08:49:18','2022-11-27'),(194,'n2','2022-11-27 08:49:56',NULL,'2022-11-27'),(195,'n2',NULL,'2022-11-27 08:49:58','2022-11-27'),(196,'b1','2022-11-27 08:50:25',NULL,'2022-11-27'),(197,'b1',NULL,'2022-11-27 08:51:39','2022-11-27'),(198,'n2','2022-11-27 08:53:07',NULL,'2022-11-27'),(199,'n2',NULL,'2022-11-27 08:53:09','2022-11-27'),(200,'t1','2022-11-27 08:59:27',NULL,'2022-11-27'),(201,'t1',NULL,'2022-11-27 09:00:47','2022-11-27'),(202,'t1','2022-11-27 09:01:27',NULL,'2022-11-27'),(203,'n1','2022-11-27 09:23:52',NULL,'2022-11-27'),(204,'n1',NULL,'2022-11-27 09:24:45','2022-11-27'),(205,'t1','2022-11-27 14:02:21',NULL,'2022-11-27'),(206,'t1',NULL,'2022-11-27 14:04:51','2022-11-27'),(207,'t1','2022-11-27 14:35:23',NULL,'2022-11-27'),(208,'t1',NULL,'2022-11-27 14:38:08','2022-11-27'),(209,'n1','2022-11-27 14:57:12',NULL,'2022-11-27'),(210,'n1',NULL,'2022-11-27 15:01:11','2022-11-27'),(211,'p1','2022-11-27 15:01:20',NULL,'2022-11-27'),(212,'p1',NULL,'2022-11-27 15:07:18','2022-11-27'),(213,'n1','2022-11-27 15:07:26',NULL,'2022-11-27'),(214,'n1',NULL,'2022-11-27 15:14:09','2022-11-27'),(215,'n2','2022-11-27 15:14:16',NULL,'2022-11-27'),(216,'n2',NULL,'2022-11-27 15:17:08','2022-11-27'),(217,'n1','2022-11-27 15:18:02',NULL,'2022-11-27'),(218,'n1',NULL,'2022-11-27 15:18:45','2022-11-27'),(219,'t1','2022-11-28 10:32:21',NULL,'2022-11-28'),(220,'n1','2022-11-28 11:44:06',NULL,'2022-11-28'),(221,'n1','2022-11-28 11:50:16',NULL,'2022-11-28'),(222,'n1','2022-11-28 12:16:10',NULL,'2022-11-28'),(223,'n1',NULL,'2022-11-28 13:09:42','2022-11-28'),(224,'n1','2022-11-28 13:10:06',NULL,'2022-11-28'),(225,'n1',NULL,'2022-11-28 13:27:25','2022-11-28'),(226,'n1','2022-11-28 13:27:35',NULL,'2022-11-28'),(227,'n1',NULL,'2022-11-28 13:33:14','2022-11-28'),(228,'n1','2022-11-28 13:33:29',NULL,'2022-11-28'),(229,'n1','2022-11-28 14:03:10',NULL,'2022-11-28'),(230,'n1',NULL,'2022-11-28 14:08:47','2022-11-28'),(231,'t1','2022-11-28 14:08:55',NULL,'2022-11-28'),(232,'t1',NULL,'2022-11-28 14:09:10','2022-11-28'),(233,'b1','2022-11-28 14:09:22',NULL,'2022-11-28'),(234,'b1','2022-11-28 14:56:17',NULL,'2022-11-28'),(235,'n1','2022-11-28 15:07:39',NULL,'2022-11-28'),(236,'n1','2022-11-28 15:14:41',NULL,'2022-11-28'),(237,'n1',NULL,'2022-11-28 15:15:43','2022-11-28'),(238,'n1','2022-11-28 15:15:51',NULL,'2022-11-28'),(239,'n1','2022-11-28 15:25:14',NULL,'2022-11-28'),(240,'n1','2022-11-28 15:28:11',NULL,'2022-11-28'),(241,'n1','2022-11-28 15:37:06',NULL,'2022-11-28'),(242,'n1','2022-11-28 15:41:05',NULL,'2022-11-28'),(243,'n1','2022-11-28 15:43:20',NULL,'2022-11-28'),(244,'n1','2022-11-28 15:44:06',NULL,'2022-11-28'),(245,'n1','2022-11-28 15:46:23',NULL,'2022-11-28'),(246,'b1','2022-11-28 15:51:10',NULL,'2022-11-28'),(247,'b1','2022-11-28 15:53:13',NULL,'2022-11-28'),(248,'b1',NULL,'2022-11-28 15:55:41','2022-11-28'),(249,'n1','2022-11-28 16:07:54',NULL,'2022-11-28'),(250,'n1',NULL,'2022-11-28 16:13:25','2022-11-28'),(251,'n1','2022-11-28 16:13:41',NULL,'2022-11-28'),(252,'n1','2022-11-28 16:22:49',NULL,'2022-11-28'),(253,'n1','2022-11-28 16:25:27',NULL,'2022-11-28'),(254,'n1','2022-11-28 16:39:06',NULL,'2022-11-28'),(255,'n1','2022-11-28 16:43:53',NULL,'2022-11-28'),(256,'n1','2022-11-28 16:45:04',NULL,'2022-11-28'),(257,'n1','2022-11-28 16:57:21',NULL,'2022-11-28'),(258,'n1','2022-11-28 16:58:37',NULL,'2022-11-28'),(259,'n1',NULL,'2022-11-28 16:59:51','2022-11-28'),(260,'n1','2022-11-28 17:01:18',NULL,'2022-11-28'),(261,'n1','2022-11-28 17:04:09',NULL,'2022-11-28'),(262,'n1','2022-11-28 17:09:42',NULL,'2022-11-28'),(263,'n1','2022-11-28 17:17:49',NULL,'2022-11-28'),(264,'n1','2022-11-28 17:20:37',NULL,'2022-11-28'),(265,'n1','2022-11-28 17:28:38',NULL,'2022-11-28'),(266,'n1',NULL,'2022-11-28 17:30:05','2022-11-28'),(267,'n1','2022-11-28 17:31:05',NULL,'2022-11-28'),(268,'n1','2022-11-28 17:32:53',NULL,'2022-11-28'),(269,'n1','2022-11-28 17:36:41',NULL,'2022-11-28'),(270,'n1','2022-11-28 17:40:40',NULL,'2022-11-28'),(271,'n1','2022-11-28 17:43:57',NULL,'2022-11-28'),(272,'n1','2022-11-28 17:50:53',NULL,'2022-11-28'),(273,'n1','2022-11-28 17:59:57',NULL,'2022-11-28'),(274,'n1','2022-11-28 18:04:31',NULL,'2022-11-28'),(275,'n1','2022-11-28 19:24:36',NULL,'2022-11-28'),(276,'n1','2022-11-28 19:24:37',NULL,'2022-11-28'),(277,'n1',NULL,'2022-11-28 19:25:12','2022-11-28'),(278,'t1','2022-11-28 19:38:14',NULL,'2022-11-28'),(279,'t1','2022-11-28 19:38:14',NULL,'2022-11-28'),(280,'n1','2022-11-28 19:40:39',NULL,'2022-11-28'),(281,'n1','2022-11-28 19:40:39',NULL,'2022-11-28'),(282,'n1',NULL,'2022-11-28 19:40:42','2022-11-28'),(283,'t1','2022-11-28 19:40:52',NULL,'2022-11-28'),(284,'t1','2022-11-28 19:40:52',NULL,'2022-11-28'),(285,'t1',NULL,'2022-11-28 19:40:58','2022-11-28'),(286,'n1','2022-11-28 19:41:04',NULL,'2022-11-28'),(287,'n1','2022-11-28 19:41:04',NULL,'2022-11-28'),(288,'n1',NULL,'2022-11-28 19:42:10','2022-11-28'),(289,'n1','2022-11-29 09:45:33',NULL,'2022-11-29'),(290,'n1','2022-11-29 09:45:34',NULL,'2022-11-29'),(291,'n1',NULL,'2022-11-29 09:46:15','2022-11-29'),(292,'t1','2022-11-29 09:46:25',NULL,'2022-11-29'),(293,'t1','2022-11-29 09:46:25',NULL,'2022-11-29'),(294,'t1',NULL,'2022-11-29 09:46:48','2022-11-29'),(295,'n1','2022-11-29 09:46:57',NULL,'2022-11-29'),(296,'n1','2022-11-29 09:46:57',NULL,'2022-11-29'),(297,'n1','2022-11-29 09:52:20',NULL,'2022-11-29'),(298,'n1','2022-11-29 09:52:20',NULL,'2022-11-29'),(299,'n1','2022-11-29 10:09:04',NULL,'2022-11-29'),(300,'n1','2022-11-29 10:09:04',NULL,'2022-11-29'),(301,'n1','2022-11-29 10:19:16',NULL,'2022-11-29'),(302,'n1','2022-11-29 10:19:18',NULL,'2022-11-29'),(303,'n1','2022-11-29 10:44:00',NULL,'2022-11-29'),(304,'n1','2022-11-29 10:44:00',NULL,'2022-11-29'),(305,'n1','2022-11-29 10:51:52',NULL,'2022-11-29'),(306,'n1','2022-11-29 10:51:52',NULL,'2022-11-29'),(307,'n1','2022-11-29 11:30:14',NULL,'2022-11-29'),(308,'n1','2022-11-29 11:30:14',NULL,'2022-11-29'),(309,'n1',NULL,'2022-11-29 11:46:42','2022-11-29'),(310,'n1','2022-11-29 11:46:53',NULL,'2022-11-29'),(311,'n1','2022-11-29 11:46:53',NULL,'2022-11-29'),(312,'n1',NULL,'2022-11-29 11:50:32','2022-11-29'),(313,'n1','2022-11-29 11:50:41',NULL,'2022-11-29'),(314,'n1','2022-11-29 11:50:41',NULL,'2022-11-29'),(315,'n1','2022-11-29 11:52:43',NULL,'2022-11-29'),(316,'n1','2022-11-29 11:52:43',NULL,'2022-11-29'),(317,'n1',NULL,'2022-11-29 11:52:51','2022-11-29'),(318,'n1','2022-11-29 11:53:44',NULL,'2022-11-29'),(319,'n1','2022-11-29 11:53:44',NULL,'2022-11-29'),(320,'n1',NULL,'2022-11-29 12:05:03','2022-11-29'),(321,'n1','2022-11-29 12:17:31',NULL,'2022-11-29'),(322,'n1','2022-11-29 12:17:31',NULL,'2022-11-29'),(323,'n1',NULL,'2022-11-29 12:35:46','2022-11-29'),(324,'n1','2022-11-29 12:36:03',NULL,'2022-11-29'),(325,'n1','2022-11-29 12:36:03',NULL,'2022-11-29'),(326,'n1',NULL,'2022-11-29 12:39:02','2022-11-29'),(327,'n1','2022-11-29 12:40:40',NULL,'2022-11-29'),(328,'n1','2022-11-29 12:40:40',NULL,'2022-11-29'),(329,'n1','2022-11-29 12:43:32',NULL,'2022-11-29'),(330,'n1','2022-11-29 12:43:32',NULL,'2022-11-29'),(331,'n1','2022-11-29 12:51:38',NULL,'2022-11-29'),(332,'n1','2022-11-29 12:51:39',NULL,'2022-11-29'),(333,'n1','2022-11-29 12:56:21',NULL,'2022-11-29'),(334,'n1','2022-11-29 12:56:21',NULL,'2022-11-29'),(335,'n1',NULL,'2022-11-29 13:08:44','2022-11-29'),(336,'ak','2022-11-29 13:08:52',NULL,'2022-11-29'),(337,'ak','2022-11-29 13:08:52',NULL,'2022-11-29'),(338,'ak',NULL,'2022-11-29 13:09:04','2022-11-29'),(339,'b1','2022-11-29 13:11:02',NULL,'2022-11-29'),(340,'b1','2022-11-29 13:11:03',NULL,'2022-11-29'),(341,'b1',NULL,'2022-11-29 13:37:32','2022-11-29'),(342,'n1','2022-11-29 13:37:40',NULL,'2022-11-29'),(343,'n1','2022-11-29 13:37:40',NULL,'2022-11-29'),(344,'n1','2022-11-29 13:40:24',NULL,'2022-11-29'),(345,'n1','2022-11-29 13:40:24',NULL,'2022-11-29'),(346,'n1','2022-11-29 13:42:29',NULL,'2022-11-29'),(347,'n1','2022-11-29 13:42:30',NULL,'2022-11-29'),(348,'n1','2022-11-29 14:05:07',NULL,'2022-11-29'),(349,'n1','2022-11-29 14:05:07',NULL,'2022-11-29'),(350,'n1',NULL,'2022-11-29 14:07:36','2022-11-29'),(351,'n1','2022-11-29 14:09:12',NULL,'2022-11-29'),(352,'n1','2022-11-29 14:09:13',NULL,'2022-11-29'),(353,'n1',NULL,'2022-11-29 14:11:29','2022-11-29'),(354,'n1','2022-11-29 14:12:34',NULL,'2022-11-29'),(355,'n1','2022-11-29 14:12:34',NULL,'2022-11-29'),(356,'n1','2022-11-29 14:17:19',NULL,'2022-11-29'),(357,'n1','2022-11-29 14:17:19',NULL,'2022-11-29'),(358,'n1','2022-11-29 14:55:21',NULL,'2022-11-29'),(359,'n1','2022-11-29 14:55:21',NULL,'2022-11-29'),(360,'n1','2022-11-29 15:02:55',NULL,'2022-11-29'),(361,'n1','2022-11-29 15:02:56',NULL,'2022-11-29'),(362,'n1','2022-11-29 15:11:01',NULL,'2022-11-29'),(363,'n1','2022-11-29 15:11:01',NULL,'2022-11-29'),(364,'n1','2022-11-29 15:50:25',NULL,'2022-11-29'),(365,'n1','2022-11-29 15:50:27',NULL,'2022-11-29'),(366,'n1','2022-11-29 15:52:42',NULL,'2022-11-29'),(367,'n1','2022-11-29 15:52:42',NULL,'2022-11-29'),(368,'n1','2022-11-29 15:55:00',NULL,'2022-11-29'),(369,'n1','2022-11-29 15:55:01',NULL,'2022-11-29'),(370,'n1',NULL,'2022-11-29 16:02:18','2022-11-29'),(371,'n1','2022-11-29 18:31:04',NULL,'2022-11-29'),(372,'n1','2022-11-29 18:31:06',NULL,'2022-11-29'),(373,'n1','2022-11-29 19:41:11',NULL,'2022-11-29'),(374,'n1','2022-11-29 19:41:11',NULL,'2022-11-29'),(375,'n1','2022-11-29 19:42:29',NULL,'2022-11-29'),(376,'n1','2022-11-29 19:42:29',NULL,'2022-11-29'),(377,'n1','2022-11-29 19:49:30',NULL,'2022-11-29'),(378,'n1','2022-11-29 19:49:30',NULL,'2022-11-29'),(379,'t1','2022-11-29 19:58:06',NULL,'2022-11-29'),(380,'t1','2022-11-29 19:58:06',NULL,'2022-11-29'),(381,'t1',NULL,'2022-11-29 19:58:19','2022-11-29'),(382,'n1','2022-11-29 19:58:24',NULL,'2022-11-29'),(383,'n1','2022-11-29 19:58:25',NULL,'2022-11-29'),(384,'n1',NULL,'2022-11-29 19:58:53','2022-11-29'),(385,'t1','2022-11-29 19:59:00',NULL,'2022-11-29'),(386,'t1','2022-11-29 19:59:01',NULL,'2022-11-29'),(387,'t1',NULL,'2022-11-29 19:59:03','2022-11-29'),(388,'n1','2022-11-29 19:59:09',NULL,'2022-11-29'),(389,'n1','2022-11-29 19:59:09',NULL,'2022-11-29'),(390,'n1',NULL,'2022-11-29 19:59:30','2022-11-29'),(391,'t1','2022-11-29 19:59:36',NULL,'2022-11-29'),(392,'t1','2022-11-29 19:59:36',NULL,'2022-11-29'),(393,'t1',NULL,'2022-11-29 19:59:44','2022-11-29'),(394,'n1','2022-11-29 19:59:56',NULL,'2022-11-29'),(395,'n1','2022-11-29 19:59:56',NULL,'2022-11-29'),(396,'n1',NULL,'2022-11-29 20:00:56','2022-11-29'),(397,'n2','2022-11-29 20:01:27',NULL,'2022-11-29'),(398,'n2','2022-11-29 20:01:27',NULL,'2022-11-29'),(399,'n2',NULL,'2022-11-29 20:01:39','2022-11-29'),(400,'n1','2022-11-29 20:01:45',NULL,'2022-11-29'),(401,'n1','2022-11-29 20:01:45',NULL,'2022-11-29'),(402,'n1',NULL,'2022-11-29 20:02:15','2022-11-29'),(403,'n2','2022-11-29 20:02:21',NULL,'2022-11-29'),(404,'n2','2022-11-29 20:02:21',NULL,'2022-11-29'),(405,'n2',NULL,'2022-11-29 20:02:27','2022-11-29'),(406,'n1','2022-11-29 20:04:33',NULL,'2022-11-29'),(407,'n1','2022-11-29 20:04:34',NULL,'2022-11-29'),(408,'n1','2022-11-30 08:14:21',NULL,'2022-11-30'),(409,'n1','2022-11-30 08:14:21',NULL,'2022-11-30'),(410,'n1','2022-11-30 08:18:07',NULL,'2022-11-30'),(411,'n1','2022-11-30 08:18:07',NULL,'2022-11-30'),(412,'n1','2022-11-30 08:55:23',NULL,'2022-11-30'),(413,'n1','2022-11-30 08:55:23',NULL,'2022-11-30'),(414,'n1','2022-11-30 08:58:54',NULL,'2022-11-30'),(415,'n1','2022-11-30 08:58:54',NULL,'2022-11-30'),(416,'n1',NULL,'2022-11-30 09:17:20','2022-11-30'),(417,'n1','2022-11-30 09:18:31',NULL,'2022-11-30'),(418,'n1','2022-11-30 09:18:32',NULL,'2022-11-30'),(419,'n1','2022-11-30 09:28:50',NULL,'2022-11-30'),(420,'n1','2022-11-30 09:28:50',NULL,'2022-11-30'),(421,'n1','2022-11-30 09:30:15',NULL,'2022-11-30'),(422,'n1','2022-11-30 09:30:15',NULL,'2022-11-30'),(423,'n1','2022-11-30 10:05:06',NULL,'2022-11-30'),(424,'n1','2022-11-30 10:05:06',NULL,'2022-11-30'),(425,'n1',NULL,'2022-11-30 10:48:56','2022-11-30'),(426,'n1','2022-11-30 10:49:40',NULL,'2022-11-30'),(427,'n1','2022-11-30 10:49:41',NULL,'2022-11-30'),(428,'n1',NULL,'2022-11-30 10:53:11','2022-11-30'),(429,'n1','2022-11-30 10:53:21',NULL,'2022-11-30'),(430,'n1','2022-11-30 10:53:21',NULL,'2022-11-30'),(431,'n1',NULL,'2022-11-30 10:55:49','2022-11-30'),(432,'n1','2022-11-30 10:55:58',NULL,'2022-11-30'),(433,'n1','2022-11-30 10:55:58',NULL,'2022-11-30'),(434,'n1',NULL,'2022-11-30 11:02:03','2022-11-30'),(435,'n1','2022-11-30 11:02:09',NULL,'2022-11-30'),(436,'n1','2022-11-30 11:02:09',NULL,'2022-11-30'),(437,'n1',NULL,'2022-11-30 11:11:02','2022-11-30'),(438,'b1','2022-11-30 11:11:21',NULL,'2022-11-30'),(439,'b1','2022-11-30 11:11:22',NULL,'2022-11-30'),(440,'n1','2022-11-30 12:34:04',NULL,'2022-11-30'),(441,'n1','2022-11-30 12:34:04',NULL,'2022-11-30'),(442,'n1','2022-11-30 13:38:49',NULL,'2022-11-30'),(443,'n1','2022-11-30 13:38:50',NULL,'2022-11-30'),(444,'n1','2022-11-30 13:45:52',NULL,'2022-11-30'),(445,'n1','2022-11-30 13:45:52',NULL,'2022-11-30'),(446,'n1','2022-11-30 13:47:30',NULL,'2022-11-30'),(447,'n1','2022-11-30 13:47:30',NULL,'2022-11-30'),(448,'n1',NULL,'2022-11-30 14:02:26','2022-11-30'),(449,'n2','2022-11-30 14:02:39',NULL,'2022-11-30'),(450,'n2','2022-11-30 14:02:40',NULL,'2022-11-30'),(451,'n2',NULL,'2022-11-30 14:02:48','2022-11-30'),(452,'n1','2022-11-30 14:03:49',NULL,'2022-11-30'),(453,'n1','2022-11-30 14:03:50',NULL,'2022-11-30'),(454,'n1','2022-11-30 15:24:36',NULL,'2022-11-30'),(455,'n1','2022-11-30 15:24:36',NULL,'2022-11-30'),(456,'n1',NULL,'2022-11-30 15:34:24','2022-11-30'),(457,'n1','2022-11-30 15:34:32',NULL,'2022-11-30'),(458,'n1','2022-11-30 15:34:32',NULL,'2022-11-30'),(459,'n1',NULL,'2022-11-30 15:35:15','2022-11-30'),(460,'n1','2022-11-30 15:35:37',NULL,'2022-11-30'),(461,'n1','2022-11-30 15:35:37',NULL,'2022-11-30'),(462,'n1',NULL,'2022-11-30 15:36:56','2022-11-30'),(463,'n1','2022-12-01 10:06:51',NULL,'2022-12-01'),(464,'n1','2022-12-01 10:06:51',NULL,'2022-12-01'),(465,'n1',NULL,'2022-12-01 10:28:14','2022-12-01'),(466,'n1','2022-12-01 11:07:01',NULL,'2022-12-01'),(467,'n1','2022-12-01 11:07:01',NULL,'2022-12-01'),(468,'n1',NULL,'2022-12-01 11:15:26','2022-12-01'),(469,'t1','2022-12-01 11:15:34',NULL,'2022-12-01'),(470,'t1','2022-12-01 11:15:34',NULL,'2022-12-01'),(471,'t1',NULL,'2022-12-01 11:15:48','2022-12-01'),(472,'n1','2022-12-01 11:19:42',NULL,'2022-12-01'),(473,'n1','2022-12-01 11:19:42',NULL,'2022-12-01'),(474,'n1',NULL,'2022-12-01 11:34:53','2022-12-01'),(475,'n1','2022-12-01 13:45:05',NULL,'2022-12-01'),(476,'n1','2022-12-01 13:45:05',NULL,'2022-12-01'),(477,'n1',NULL,'2022-12-01 13:47:04','2022-12-01'),(478,'n1','2022-12-01 13:53:36',NULL,'2022-12-01'),(479,'n1','2022-12-01 13:53:36',NULL,'2022-12-01'),(480,'n1',NULL,'2022-12-01 13:55:36','2022-12-01'),(481,'n2','2022-12-01 13:55:58',NULL,'2022-12-01'),(482,'n2','2022-12-01 13:55:58',NULL,'2022-12-01'),(483,'n2',NULL,'2022-12-01 13:56:08','2022-12-01'),(484,'n2','2022-12-01 13:56:15',NULL,'2022-12-01'),(485,'n2','2022-12-01 13:56:15',NULL,'2022-12-01'),(486,'n2',NULL,'2022-12-01 13:56:51','2022-12-01'),(487,'n1','2022-12-01 14:44:35',NULL,'2022-12-01'),(488,'n1','2022-12-01 14:44:35',NULL,'2022-12-01'),(489,'n1',NULL,'2022-12-01 14:45:52','2022-12-01'),(490,'n1','2022-12-01 16:45:48',NULL,'2022-12-01'),(491,'n1','2022-12-01 16:45:49',NULL,'2022-12-01'),(492,'n1',NULL,'2022-12-01 16:46:36','2022-12-01'),(493,'n1','2022-12-01 16:46:56',NULL,'2022-12-01'),(494,'n1','2022-12-01 16:46:56',NULL,'2022-12-01'),(495,'n1','2022-12-01 18:13:33',NULL,'2022-12-01'),(496,'n1','2022-12-01 18:13:33',NULL,'2022-12-01'),(497,'n1',NULL,'2022-12-01 19:04:55','2022-12-01'),(498,'n1','2022-12-01 19:05:30',NULL,'2022-12-01'),(499,'n1','2022-12-01 19:05:31',NULL,'2022-12-01'),(500,'n1','2022-12-02 09:21:18',NULL,'2022-12-02'),(501,'n1','2022-12-02 09:21:18',NULL,'2022-12-02'),(502,'n1','2022-12-02 11:32:40',NULL,'2022-12-02'),(503,'n1','2022-12-02 11:32:41',NULL,'2022-12-02'),(504,'n1','2022-12-02 16:16:03',NULL,'2022-12-02'),(505,'n1','2022-12-02 16:16:03',NULL,'2022-12-02'),(506,'n1','2022-12-02 16:29:13',NULL,'2022-12-02'),(507,'n1','2022-12-02 16:29:13',NULL,'2022-12-02'),(508,'n1','2022-12-02 16:30:33',NULL,'2022-12-02'),(509,'n1','2022-12-02 16:30:33',NULL,'2022-12-02'),(510,'n1','2022-12-02 16:33:55',NULL,'2022-12-02'),(511,'n1','2022-12-02 16:33:55',NULL,'2022-12-02'),(512,'n1',NULL,'2022-12-02 16:34:41','2022-12-02'),(513,'n1','2022-12-02 17:21:14',NULL,'2022-12-02'),(514,'n1','2022-12-02 17:21:14',NULL,'2022-12-02'),(515,'n1','2022-12-02 17:22:17',NULL,'2022-12-02'),(516,'n1','2022-12-02 17:22:17',NULL,'2022-12-02'),(517,'n1','2022-12-02 17:39:34',NULL,'2022-12-02'),(518,'n1','2022-12-02 17:39:34',NULL,'2022-12-02'),(519,'n1','2022-12-02 17:41:06',NULL,'2022-12-02'),(520,'n1','2022-12-02 17:41:07',NULL,'2022-12-02'),(521,'n1','2022-12-02 17:43:27',NULL,'2022-12-02'),(522,'n1','2022-12-02 17:43:27',NULL,'2022-12-02'),(523,'n1','2022-12-02 17:49:36',NULL,'2022-12-02'),(524,'n1','2022-12-02 17:49:36',NULL,'2022-12-02'),(525,'n1','2022-12-02 17:54:13',NULL,'2022-12-02'),(526,'n1','2022-12-02 17:54:14',NULL,'2022-12-02'),(527,'n1','2022-12-03 07:12:16',NULL,'2022-12-03'),(528,'n1','2022-12-03 07:12:18',NULL,'2022-12-03'),(529,'n1',NULL,'2022-12-03 07:32:54','2022-12-03'),(530,'n1','2022-12-03 09:14:09',NULL,'2022-12-03'),(531,'n1','2022-12-03 09:14:10',NULL,'2022-12-03'),(532,'n1','2022-12-03 15:44:09',NULL,'2022-12-03'),(533,'n1','2022-12-03 15:44:10',NULL,'2022-12-03'),(534,'n1','2022-12-03 16:36:52',NULL,'2022-12-03'),(535,'n1','2022-12-03 16:36:52',NULL,'2022-12-03'),(536,'n1','2022-12-03 16:41:41',NULL,'2022-12-03'),(537,'n1','2022-12-03 16:41:41',NULL,'2022-12-03'),(538,'n1','2022-12-03 16:51:33',NULL,'2022-12-03'),(539,'n1','2022-12-03 16:51:34',NULL,'2022-12-03'),(540,'n1','2022-12-03 16:58:06',NULL,'2022-12-03'),(541,'n1','2022-12-03 16:58:06',NULL,'2022-12-03'),(542,'n1','2022-12-03 17:26:52',NULL,'2022-12-03'),(543,'n1','2022-12-03 17:26:53',NULL,'2022-12-03'),(544,'n1','2022-12-03 17:53:43',NULL,'2022-12-03'),(545,'n1','2022-12-03 17:53:43',NULL,'2022-12-03'),(546,'n1','2022-12-04 13:24:25',NULL,'2022-12-04'),(547,'n1','2022-12-04 13:24:26',NULL,'2022-12-04'),(548,'n1',NULL,'2022-12-04 13:25:00','2022-12-04'),(549,'n2','2022-12-04 13:25:07',NULL,'2022-12-04'),(550,'n2','2022-12-04 13:25:07',NULL,'2022-12-04'),(551,'n1','2022-12-04 14:11:06',NULL,'2022-12-04'),(552,'n1','2022-12-04 14:11:07',NULL,'2022-12-04'),(553,'n1','2022-12-04 14:23:00',NULL,'2022-12-04'),(554,'n1','2022-12-04 14:23:00',NULL,'2022-12-04'),(555,'n1',NULL,'2022-12-04 14:46:10','2022-12-04'),(556,'h1','2022-12-04 14:46:18',NULL,'2022-12-04'),(557,'h1','2022-12-04 14:46:19',NULL,'2022-12-04'),(558,'h1',NULL,'2022-12-04 14:46:25','2022-12-04'),(559,'h1','2022-12-04 14:46:36',NULL,'2022-12-04'),(560,'h1','2022-12-04 14:46:36',NULL,'2022-12-04'),(561,'h1',NULL,'2022-12-04 14:51:27','2022-12-04'),(562,'n1','2022-12-04 14:51:33',NULL,'2022-12-04'),(563,'n1','2022-12-04 14:51:34',NULL,'2022-12-04'),(564,'n2','2022-12-04 15:00:56',NULL,'2022-12-04'),(565,'n2','2022-12-04 15:00:56',NULL,'2022-12-04'),(566,'n2',NULL,'2022-12-04 15:02:47','2022-12-04'),(567,'n1','2022-12-04 15:02:58',NULL,'2022-12-04'),(568,'n1','2022-12-04 15:02:58',NULL,'2022-12-04'),(569,'n1',NULL,'2022-12-04 15:04:47','2022-12-04'),(570,'n1','2022-12-04 15:12:00',NULL,'2022-12-04'),(571,'n1','2022-12-04 15:12:01',NULL,'2022-12-04'),(572,'n1','2022-12-04 21:21:11',NULL,'2022-12-04'),(573,'n1','2022-12-04 21:21:12',NULL,'2022-12-04'),(574,'n1',NULL,'2022-12-04 21:26:02','2022-12-04'),(575,'ak','2022-12-04 21:26:10',NULL,'2022-12-04'),(576,'ak','2022-12-04 21:26:10',NULL,'2022-12-04'),(577,'ak',NULL,'2022-12-04 21:27:33','2022-12-04'),(578,'n1','2022-12-04 21:27:41',NULL,'2022-12-04'),(579,'n1','2022-12-04 21:27:41',NULL,'2022-12-04'),(580,'n1','2022-12-04 21:59:35',NULL,'2022-12-04'),(581,'n1','2022-12-04 21:59:35',NULL,'2022-12-04'),(582,'n1',NULL,'2022-12-04 22:00:29','2022-12-04'),(583,'n1','2022-12-05 09:10:09',NULL,'2022-12-05'),(584,'n1','2022-12-05 09:10:09',NULL,'2022-12-05'),(585,'n1','2022-12-05 09:16:34',NULL,'2022-12-05'),(586,'n1','2022-12-05 09:16:34',NULL,'2022-12-05'),(587,'n1','2022-12-05 09:22:33',NULL,'2022-12-05'),(588,'n1','2022-12-05 09:22:34',NULL,'2022-12-05'),(589,'n1',NULL,'2022-12-05 09:53:11','2022-12-05'),(590,'n1','2022-12-05 09:53:25',NULL,'2022-12-05'),(591,'n1','2022-12-05 09:53:25',NULL,'2022-12-05'),(592,'b1','2022-12-05 10:08:20',NULL,'2022-12-05'),(593,'b1','2022-12-05 10:08:20',NULL,'2022-12-05'),(594,'n1','2022-12-05 10:23:15',NULL,'2022-12-05'),(595,'n1','2022-12-05 10:23:15',NULL,'2022-12-05'),(596,'n1','2022-12-05 11:29:51',NULL,'2022-12-05'),(597,'n1','2022-12-05 11:29:52',NULL,'2022-12-05'),(598,'n1','2022-12-05 11:33:36',NULL,'2022-12-05'),(599,'n1','2022-12-05 11:33:37',NULL,'2022-12-05'),(600,'n1','2022-12-05 14:30:53',NULL,'2022-12-05'),(601,'n1','2022-12-05 14:30:55',NULL,'2022-12-05'),(602,'b1','2022-12-05 14:32:49',NULL,'2022-12-05'),(603,'b1','2022-12-05 14:32:50',NULL,'2022-12-05'),(604,'n1','2022-12-05 15:53:13',NULL,'2022-12-05'),(605,'n1','2022-12-05 15:53:13',NULL,'2022-12-05'),(606,'n1','2022-12-05 16:32:09',NULL,'2022-12-05'),(607,'n1','2022-12-05 16:32:09',NULL,'2022-12-05'),(608,'n1',NULL,'2022-12-05 16:36:13','2022-12-05'),(609,'n1','2022-12-05 16:36:22',NULL,'2022-12-05'),(610,'n1','2022-12-05 16:36:22',NULL,'2022-12-05'),(611,'n1',NULL,'2022-12-05 16:54:12','2022-12-05'),(612,'n1','2022-12-05 16:54:23',NULL,'2022-12-05'),(613,'n1','2022-12-05 16:54:23',NULL,'2022-12-05'),(614,'n2','2022-12-05 17:06:04',NULL,'2022-12-05'),(615,'n2','2022-12-05 17:06:04',NULL,'2022-12-05'),(616,'n2',NULL,'2022-12-05 17:08:51','2022-12-05'),(617,'n2','2022-12-05 17:09:08',NULL,'2022-12-05'),(618,'n2','2022-12-05 17:09:08',NULL,'2022-12-05'),(619,'n2',NULL,'2022-12-05 17:09:11','2022-12-05'),(620,'t1','2022-12-05 17:09:37',NULL,'2022-12-05'),(621,'t1','2022-12-05 17:09:37',NULL,'2022-12-05'),(622,'t1',NULL,'2022-12-05 17:09:50','2022-12-05'),(623,'n1','2022-12-05 17:46:49',NULL,'2022-12-05'),(624,'n1','2022-12-05 17:46:49',NULL,'2022-12-05'),(625,'n1',NULL,'2022-12-05 17:48:14','2022-12-05'),(626,'n1','2022-12-05 18:13:36',NULL,'2022-12-05'),(627,'n1','2022-12-05 18:13:37',NULL,'2022-12-05'),(628,'n1',NULL,'2022-12-05 18:17:01','2022-12-05'),(629,'n1','2022-12-08 14:18:49',NULL,'2022-12-08'),(630,'n1','2022-12-08 14:18:50',NULL,'2022-12-08'),(631,'n1',NULL,'2022-12-08 14:19:22','2022-12-08'),(632,'n1','2022-12-09 12:22:39',NULL,'2022-12-09'),(633,'n1','2022-12-09 12:22:41',NULL,'2022-12-09'),(634,'n1',NULL,'2022-12-09 12:24:34','2022-12-09'),(635,'n1','2022-12-09 12:26:53',NULL,'2022-12-09'),(636,'n1','2022-12-09 12:26:53',NULL,'2022-12-09'),(637,'n1','2022-12-09 12:29:10',NULL,'2022-12-09'),(638,'n1','2022-12-09 12:29:10',NULL,'2022-12-09'),(639,'n1',NULL,'2022-12-09 12:38:41','2022-12-09'),(640,'n1','2022-12-09 13:43:20',NULL,'2022-12-09'),(641,'n1','2022-12-09 13:43:21',NULL,'2022-12-09'),(642,'n1',NULL,'2022-12-09 13:52:50','2022-12-09'),(643,'n1','2022-12-09 15:05:22',NULL,'2022-12-09'),(644,'n1','2022-12-09 15:05:22',NULL,'2022-12-09'),(645,'n1',NULL,'2022-12-09 15:05:50','2022-12-09'),(646,'n1','2022-12-09 15:10:46',NULL,'2022-12-09'),(647,'n1','2022-12-09 15:10:46',NULL,'2022-12-09'),(648,'n1',NULL,'2022-12-09 15:13:57','2022-12-09'),(649,'b1','2022-12-09 15:14:10',NULL,'2022-12-09'),(650,'b1','2022-12-09 15:14:10',NULL,'2022-12-09'),(651,'b1',NULL,'2022-12-09 15:17:53','2022-12-09'),(652,'ak','2022-12-09 15:18:02',NULL,'2022-12-09'),(653,'ak','2022-12-09 15:18:02',NULL,'2022-12-09'),(654,'ak',NULL,'2022-12-09 15:18:20','2022-12-09'),(655,'n1','2022-12-09 15:31:38',NULL,'2022-12-09'),(656,'n1','2022-12-09 15:31:38',NULL,'2022-12-09'),(657,'n1',NULL,'2022-12-09 15:33:59','2022-12-09'),(658,'n2','2022-12-09 16:31:27',NULL,'2022-12-09'),(659,'n2','2022-12-09 16:31:27',NULL,'2022-12-09'),(660,'n2',NULL,'2022-12-09 16:35:35','2022-12-09'),(661,'n1','2022-12-10 14:36:37',NULL,'2022-12-10'),(662,'n1','2022-12-10 14:36:38',NULL,'2022-12-10'),(663,'n1','2022-12-12 15:58:23',NULL,'2022-12-12'),(664,'n1','2022-12-12 16:00:02',NULL,'2022-12-12'),(665,'n1','2022-12-12 16:06:05',NULL,'2022-12-12'),(666,'n1','2022-12-12 16:06:42',NULL,'2022-12-12'),(667,'n1','2022-12-12 16:07:07',NULL,'2022-12-12'),(668,'n1','2022-12-12 16:08:08',NULL,'2022-12-12'),(669,'n1','2022-12-12 16:10:58',NULL,'2022-12-12'),(670,'n1','2022-12-12 16:12:13',NULL,'2022-12-12'),(671,'n1','2022-12-12 16:13:49',NULL,'2022-12-12'),(672,'n1','2022-12-12 16:14:28',NULL,'2022-12-12'),(673,'n1','2022-12-12 16:16:10',NULL,'2022-12-12'),(674,'n1','2022-12-12 16:18:40',NULL,'2022-12-12'),(675,'n1','2022-12-12 16:19:33',NULL,'2022-12-12'),(676,'n1','2022-12-12 16:21:16',NULL,'2022-12-12'),(677,'n1','2022-12-12 16:31:14',NULL,'2022-12-12'),(678,'n1','2022-12-12 19:25:51',NULL,'2022-12-12'),(679,'n1','2022-12-12 19:25:52',NULL,'2022-12-12'),(680,'n1',NULL,'2022-12-12 19:26:08','2022-12-12'),(681,'n1','2022-12-12 19:52:53',NULL,'2022-12-12'),(682,'n2','2022-12-12 19:53:43',NULL,'2022-12-12'),(683,'t1','2022-12-12 19:54:48',NULL,'2022-12-12'),(684,'n2','2022-12-12 19:56:35',NULL,'2022-12-12'),(685,'n2','2022-12-12 20:02:09',NULL,'2022-12-12'),(686,'n1','2022-12-12 20:05:37',NULL,'2022-12-12'),(687,'t1','2022-12-12 20:07:24',NULL,'2022-12-12'),(688,'n1','2022-12-12 20:07:47',NULL,'2022-12-12'),(689,'n1','2022-12-12 20:07:58',NULL,'2022-12-12'),(690,'t1','2022-12-12 20:08:13',NULL,'2022-12-12'),(691,'n1','2022-12-13 10:15:26',NULL,'2022-12-13'),(692,'n2','2022-12-13 10:15:42',NULL,'2022-12-13'),(693,'n1','2022-12-13 10:20:41',NULL,'2022-12-13'),(694,'n2','2022-12-13 10:21:12',NULL,'2022-12-13'),(695,'n1','2022-12-13 10:54:57',NULL,'2022-12-13'),(696,'n1',NULL,'2022-12-13 10:55:21','2022-12-13'),(697,'n1','2022-12-13 11:38:49',NULL,'2022-12-13'),(698,'n1',NULL,'2022-12-13 11:38:55','2022-12-13'),(699,'n1','2022-12-13 12:19:18',NULL,'2022-12-13'),(700,'t1','2022-12-13 12:19:32',NULL,'2022-12-13'),(701,'n1','2022-12-13 12:33:38',NULL,'2022-12-13'),(702,'n1','2022-12-13 12:33:38',NULL,'2022-12-13'),(703,'n1',NULL,'2022-12-13 12:33:53','2022-12-13'),(704,'n2','2022-12-13 12:34:04',NULL,'2022-12-13'),(705,'n2','2022-12-13 12:34:05',NULL,'2022-12-13'),(706,'n2',NULL,'2022-12-13 12:34:10','2022-12-13'),(707,'n1','2022-12-13 12:46:32',NULL,'2022-12-13'),(708,'n1','2022-12-13 12:46:47',NULL,'2022-12-13'),(709,'n1','2022-12-13 12:46:54',NULL,'2022-12-13'),(710,'n1','2022-12-13 12:48:14',NULL,'2022-12-13'),(711,'n1','2022-12-13 12:52:44',NULL,'2022-12-13'),(712,'n1','2022-12-13 12:52:44',NULL,'2022-12-13'),(713,'n1',NULL,'2022-12-13 12:52:57','2022-12-13'),(714,'t1','2022-12-13 12:53:04',NULL,'2022-12-13'),(715,'t1','2022-12-13 12:53:04',NULL,'2022-12-13'),(716,'t1',NULL,'2022-12-13 12:53:08','2022-12-13'),(717,'n1','2022-12-13 14:31:25',NULL,'2022-12-13'),(718,'n1','2022-12-13 14:31:26',NULL,'2022-12-13'),(719,'n1',NULL,'2022-12-13 14:32:32','2022-12-13'),(720,'ak','2022-12-13 14:33:15',NULL,'2022-12-13'),(721,'ak','2022-12-13 14:33:15',NULL,'2022-12-13'),(722,'ak',NULL,'2022-12-13 14:33:25','2022-12-13'),(723,'n1','2022-12-13 16:43:37',NULL,'2022-12-13'),(724,'n1','2022-12-13 16:43:38',NULL,'2022-12-13'),(725,'n1',NULL,'2022-12-13 16:44:03','2022-12-13'),(726,'n1','2022-12-14 14:54:13',NULL,'2022-12-14'),(727,'n1','2022-12-14 14:54:13',NULL,'2022-12-14'),(728,'n1',NULL,'2022-12-14 15:01:57','2022-12-14'),(729,'n1','2022-12-14 15:10:18',NULL,'2022-12-14'),(730,'n1','2022-12-14 15:10:18',NULL,'2022-12-14'),(731,'n1',NULL,'2022-12-14 15:11:51','2022-12-14'),(732,'n1','2022-12-14 15:14:58',NULL,'2022-12-14'),(733,'n1','2022-12-14 15:14:58',NULL,'2022-12-14'),(734,'n1',NULL,'2022-12-14 15:20:12','2022-12-14'),(735,'t1','2022-12-14 15:20:19',NULL,'2022-12-14'),(736,'t1','2022-12-14 15:20:19',NULL,'2022-12-14'),(737,'t1',NULL,'2022-12-14 15:21:01','2022-12-14'),(738,'n1','2022-12-14 15:24:29',NULL,'2022-12-14'),(739,'n1','2022-12-14 15:24:30',NULL,'2022-12-14'),(740,'n1',NULL,'2022-12-14 15:28:06','2022-12-14'),(741,'n1','2022-12-14 16:04:40',NULL,'2022-12-14'),(742,'n1','2022-12-14 16:04:41',NULL,'2022-12-14'),(743,'n1','2022-12-14 16:09:06',NULL,'2022-12-14'),(744,'n1','2022-12-14 16:09:06',NULL,'2022-12-14'),(745,'n1','2022-12-14 16:09:25',NULL,'2022-12-14'),(746,'n1','2022-12-14 16:09:25',NULL,'2022-12-14'),(747,'n1','2022-12-14 16:10:07',NULL,'2022-12-14'),(748,'n1','2022-12-14 16:10:08',NULL,'2022-12-14'),(749,'n1','2022-12-14 16:10:11',NULL,'2022-12-14'),(750,'n1','2022-12-14 16:10:12',NULL,'2022-12-14'),(751,'n1','2022-12-14 16:11:34',NULL,'2022-12-14'),(752,'n1','2022-12-14 16:11:34',NULL,'2022-12-14'),(753,'n1','2022-12-14 16:12:18',NULL,'2022-12-14'),(754,'n1','2022-12-14 16:12:18',NULL,'2022-12-14'),(755,'n1','2022-12-14 16:14:58',NULL,'2022-12-14'),(756,'n1','2022-12-14 16:14:58',NULL,'2022-12-14'),(757,'n1',NULL,'2022-12-14 16:15:04','2022-12-14'),(758,'n1','2022-12-14 16:18:45',NULL,'2022-12-14'),(759,'n1','2022-12-14 16:18:45',NULL,'2022-12-14'),(760,'n1',NULL,'2022-12-14 16:19:53','2022-12-14'),(761,'n1','2022-12-14 16:20:07',NULL,'2022-12-14'),(762,'n1','2022-12-14 16:20:07',NULL,'2022-12-14'),(763,'n1',NULL,'2022-12-14 16:24:13','2022-12-14'),(764,'n1','2022-12-14 16:24:24',NULL,'2022-12-14'),(765,'n1','2022-12-14 16:24:24',NULL,'2022-12-14'),(766,'n1',NULL,'2022-12-14 16:24:32','2022-12-14'),(767,'n1','2022-12-14 16:30:41',NULL,'2022-12-14'),(768,'n1','2022-12-14 16:30:41',NULL,'2022-12-14'),(769,'n1',NULL,'2022-12-14 16:31:45','2022-12-14'),(770,'n1','2022-12-14 16:35:31',NULL,'2022-12-14'),(771,'n1','2022-12-14 16:35:31',NULL,'2022-12-14'),(772,'n1',NULL,'2022-12-14 16:35:36','2022-12-14'),(773,'n1','2022-12-15 09:05:17',NULL,'2022-12-15'),(774,'n1','2022-12-15 09:05:18',NULL,'2022-12-15'),(775,'n1','2022-12-15 11:24:47',NULL,'2022-12-15'),(776,'n1','2022-12-15 11:24:47',NULL,'2022-12-15'),(777,'n1','2022-12-15 12:37:39',NULL,'2022-12-15'),(778,'n1','2022-12-15 12:37:39',NULL,'2022-12-15'),(779,'n1',NULL,'2022-12-15 12:59:02','2022-12-15'),(780,'n1','2022-12-15 12:59:50',NULL,'2022-12-15'),(781,'n1','2022-12-15 12:59:50',NULL,'2022-12-15'),(782,'n1',NULL,'2022-12-15 12:59:55','2022-12-15'),(783,'n2','2022-12-15 13:00:12',NULL,'2022-12-15'),(784,'n2','2022-12-15 13:00:12',NULL,'2022-12-15'),(785,'n2',NULL,'2022-12-15 13:03:10','2022-12-15'),(786,'b1','2022-12-15 13:03:53',NULL,'2022-12-15'),(787,'b1','2022-12-15 13:03:53',NULL,'2022-12-15'),(788,'b1',NULL,'2022-12-15 13:18:45','2022-12-15'),(789,'n1','2022-12-15 13:19:19',NULL,'2022-12-15'),(790,'n1','2022-12-15 13:19:19',NULL,'2022-12-15'),(791,'n1',NULL,'2022-12-15 13:30:09','2022-12-15'),(792,'n1','2022-12-15 13:30:17',NULL,'2022-12-15'),(793,'n1','2022-12-15 13:30:17',NULL,'2022-12-15'),(794,'n1',NULL,'2022-12-15 13:32:53','2022-12-15'),(795,'n1','2022-12-15 13:33:58',NULL,'2022-12-15'),(796,'n1','2022-12-15 13:33:59',NULL,'2022-12-15'),(797,'n1','2022-12-15 13:43:40',NULL,'2022-12-15'),(798,'n1','2022-12-15 13:43:40',NULL,'2022-12-15'),(799,'n1','2022-12-15 14:11:14',NULL,'2022-12-15'),(800,'n1','2022-12-15 14:11:14',NULL,'2022-12-15'),(801,'n1',NULL,'2022-12-15 14:26:07','2022-12-15'),(802,'ps','2022-12-15 14:26:18',NULL,'2022-12-15'),(803,'ps','2022-12-15 14:26:18',NULL,'2022-12-15'),(804,'ps',NULL,'2022-12-15 14:26:40','2022-12-15'),(805,'n1','2022-12-15 14:27:46',NULL,'2022-12-15'),(806,'n1','2022-12-15 14:27:46',NULL,'2022-12-15'),(807,'n1','2022-12-15 15:58:40',NULL,'2022-12-15'),(808,'n1','2022-12-15 15:58:41',NULL,'2022-12-15'),(809,'n1','2022-12-16 10:45:43',NULL,'2022-12-16'),(810,'n1','2022-12-16 10:45:44',NULL,'2022-12-16'),(811,'n1','2022-12-16 11:08:10',NULL,'2022-12-16'),(812,'n1','2022-12-16 11:08:11',NULL,'2022-12-16'),(813,'n1',NULL,'2022-12-16 11:09:02','2022-12-16'),(814,'n1','2022-12-16 13:05:48',NULL,'2022-12-16'),(815,'n1','2022-12-16 13:05:48',NULL,'2022-12-16'),(816,'n1',NULL,'2022-12-16 13:12:31','2022-12-16'),(817,'n1','2022-12-16 13:13:15',NULL,'2022-12-16'),(818,'n1','2022-12-16 13:13:16',NULL,'2022-12-16'),(819,'n1',NULL,'2022-12-16 13:13:28','2022-12-16'),(820,'n1','2022-12-16 13:15:45',NULL,'2022-12-16'),(821,'n1','2022-12-16 13:15:45',NULL,'2022-12-16'),(822,'n1',NULL,'2022-12-16 13:16:06','2022-12-16'),(823,'ps','2022-12-16 13:16:15',NULL,'2022-12-16'),(824,'ps','2022-12-16 13:16:15',NULL,'2022-12-16'),(825,'ps',NULL,'2022-12-16 13:16:26','2022-12-16'),(826,'n1','2022-12-16 16:16:44',NULL,'2022-12-16'),(827,'n1','2022-12-16 16:16:45',NULL,'2022-12-16'),(828,'n1',NULL,'2022-12-16 16:20:08','2022-12-16'),(829,'n1','2022-12-16 16:29:13',NULL,'2022-12-16'),(830,'n1','2022-12-16 16:29:13',NULL,'2022-12-16'),(831,'n1',NULL,'2022-12-16 16:59:17','2022-12-16'),(832,'b1','2022-12-16 16:59:31',NULL,'2022-12-16'),(833,'b1','2022-12-16 16:59:32',NULL,'2022-12-16'),(834,'n1','2022-12-19 12:43:48',NULL,'2022-12-19'),(835,'n1','2022-12-19 12:43:48',NULL,'2022-12-19'),(836,'n1',NULL,'2022-12-19 12:44:36','2022-12-19'),(837,'n1','2022-12-22 17:24:07',NULL,'2022-12-22'),(838,'n1','2022-12-22 17:24:08',NULL,'2022-12-22'),(839,'n1',NULL,'2022-12-22 17:26:12','2022-12-22'),(840,'n1','2022-12-23 09:51:26',NULL,'2022-12-23'),(841,'n1','2022-12-23 09:51:27',NULL,'2022-12-23'),(842,'n1',NULL,'2022-12-23 09:52:39','2022-12-23'),(843,'t1','2022-12-23 09:53:11',NULL,'2022-12-23'),(844,'t1','2022-12-23 09:53:12',NULL,'2022-12-23'),(845,'t1',NULL,'2022-12-23 09:53:35','2022-12-23'),(846,'n1','2022-12-24 10:17:35',NULL,'2022-12-24'),(847,'n1','2022-12-24 10:17:35',NULL,'2022-12-24'),(848,'n1',NULL,'2022-12-24 10:20:35','2022-12-24'),(849,'n1','2022-12-24 15:53:27',NULL,'2022-12-24'),(850,'n1','2022-12-24 15:53:28',NULL,'2022-12-24'),(851,'n1',NULL,'2022-12-24 16:00:54','2022-12-24'),(852,'n1','2022-12-25 05:21:32',NULL,'2022-12-25'),(853,'n1','2022-12-25 05:21:34',NULL,'2022-12-25'),(854,'n1','2022-12-25 05:26:28',NULL,'2022-12-25'),(855,'n1','2022-12-25 05:26:28',NULL,'2022-12-25'),(856,'n1',NULL,'2022-12-25 05:34:42','2022-12-25'),(857,'n1','2022-12-25 05:34:50',NULL,'2022-12-25'),(858,'n1','2022-12-25 05:34:50',NULL,'2022-12-25'),(859,'n1','2022-12-25 05:43:28',NULL,'2022-12-25'),(860,'n1','2022-12-25 05:43:29',NULL,'2022-12-25'),(861,'n1',NULL,'2022-12-25 06:08:34','2022-12-25'),(862,'n1','2022-12-25 06:08:47',NULL,'2022-12-25'),(863,'n1','2022-12-25 06:08:47',NULL,'2022-12-25'),(864,'n1','2022-12-25 06:34:18',NULL,'2022-12-25'),(865,'n1','2022-12-25 06:34:18',NULL,'2022-12-25'),(866,'n1','2022-12-25 06:59:05',NULL,'2022-12-25'),(867,'n1','2022-12-25 06:59:06',NULL,'2022-12-25'),(868,'n1',NULL,'2022-12-25 07:00:47','2022-12-25'),(869,'n1','2022-12-25 07:09:34',NULL,'2022-12-25'),(870,'n1','2022-12-25 07:09:35',NULL,'2022-12-25'),(871,'n1','2022-12-25 07:30:43',NULL,'2022-12-25'),(872,'n1','2022-12-25 07:30:44',NULL,'2022-12-25'),(873,'n1','2022-12-26 10:29:46',NULL,'2022-12-26'),(874,'n1','2022-12-26 10:29:47',NULL,'2022-12-26'),(875,'n1','2022-12-26 10:30:36',NULL,'2022-12-26'),(876,'n1','2022-12-26 10:30:36',NULL,'2022-12-26'),(877,'n1',NULL,'2022-12-26 10:30:47','2022-12-26'),(878,'n1','2022-12-26 11:30:35',NULL,'2022-12-26'),(879,'n1','2022-12-26 11:30:36',NULL,'2022-12-26'),(880,'n1',NULL,'2022-12-26 11:49:40','2022-12-26'),(881,'n1','2022-12-26 13:06:58',NULL,'2022-12-26'),(882,'n1','2022-12-26 13:06:58',NULL,'2022-12-26'),(883,'n1',NULL,'2022-12-26 13:38:12','2022-12-26'),(884,'n1','2022-12-27 14:46:35',NULL,'2022-12-27'),(885,'n1','2022-12-27 14:46:35',NULL,'2022-12-27'),(886,'n1',NULL,'2022-12-27 15:28:31','2022-12-27'),(887,'n1','2022-12-27 16:02:37',NULL,'2022-12-27'),(888,'n1','2022-12-27 16:02:37',NULL,'2022-12-27'),(889,'n1',NULL,'2022-12-27 16:03:13','2022-12-27'),(890,'n1','2022-12-27 17:38:56',NULL,'2022-12-27'),(891,'n1','2022-12-27 17:38:56',NULL,'2022-12-27'),(892,'n1',NULL,'2022-12-27 17:40:46','2022-12-27'),(893,'n1','2022-12-27 18:37:32',NULL,'2022-12-27'),(894,'n1','2022-12-27 18:37:32',NULL,'2022-12-27'),(895,'n1','2022-12-28 13:46:19',NULL,'2022-12-28'),(896,'n1','2022-12-28 13:46:20',NULL,'2022-12-28'),(897,'n1',NULL,'2022-12-28 13:56:48','2022-12-28'),(898,'n1','2022-12-28 14:14:50',NULL,'2022-12-28'),(899,'n1','2022-12-28 14:14:50',NULL,'2022-12-28'),(900,'n1',NULL,'2022-12-28 14:15:59','2022-12-28'),(901,'t1','2022-12-28 14:16:40',NULL,'2022-12-28'),(902,'t1','2022-12-28 14:16:40',NULL,'2022-12-28'),(903,'t1',NULL,'2022-12-28 14:16:51','2022-12-28'),(904,'p1','2022-12-28 14:19:31',NULL,'2022-12-28'),(905,'p1','2022-12-28 14:19:31',NULL,'2022-12-28'),(906,'p1',NULL,'2022-12-28 14:20:06','2022-12-28'),(907,'n1','2022-12-28 15:31:27',NULL,'2022-12-28'),(908,'n1','2022-12-28 15:31:29',NULL,'2022-12-28'),(909,'n1',NULL,'2022-12-28 16:05:09','2022-12-28'),(910,'kp','2022-12-28 16:05:18',NULL,'2022-12-28'),(911,'kp','2022-12-28 16:05:18',NULL,'2022-12-28'),(912,'kp',NULL,'2022-12-28 16:25:45','2022-12-28'),(913,'n1','2022-12-30 15:35:07',NULL,'2022-12-30'),(914,'n1','2022-12-30 15:35:07',NULL,'2022-12-30'),(915,'n1','2023-01-03 13:00:28',NULL,'2023-01-03'),(916,'n1','2023-01-03 13:00:30',NULL,'2023-01-03'),(917,'n1',NULL,'2023-01-03 13:06:06','2023-01-03'),(918,'n1','2023-01-03 13:06:15',NULL,'2023-01-03'),(919,'n1','2023-01-03 13:06:15',NULL,'2023-01-03'),(920,'n1',NULL,'2023-01-03 13:06:26','2023-01-03'),(921,'n1','2023-01-03 13:45:22',NULL,'2023-01-03'),(922,'n1','2023-01-03 13:45:22',NULL,'2023-01-03'),(923,'n1',NULL,'2023-01-03 14:15:01','2023-01-03'),(924,'n1','2023-01-03 14:52:28',NULL,'2023-01-03'),(925,'n1','2023-01-03 14:52:28',NULL,'2023-01-03'),(926,'n1','2023-01-03 15:02:57',NULL,'2023-01-03'),(927,'n1','2023-01-03 15:02:59',NULL,'2023-01-03'),(928,'n1','2023-01-03 15:38:42',NULL,'2023-01-03'),(929,'n1','2023-01-03 15:38:42',NULL,'2023-01-03'),(930,'n1','2023-01-03 15:44:45',NULL,'2023-01-03'),(931,'n1','2023-01-03 15:44:45',NULL,'2023-01-03'),(932,'n1','2023-01-03 17:02:12',NULL,'2023-01-03'),(933,'n1','2023-01-03 17:02:13',NULL,'2023-01-03'),(934,'n1','2023-01-03 17:04:25',NULL,'2023-01-03'),(935,'n1','2023-01-03 17:04:26',NULL,'2023-01-03'),(936,'n1','2023-01-03 17:15:24',NULL,'2023-01-03'),(937,'n1','2023-01-03 17:15:24',NULL,'2023-01-03'),(938,'n1','2023-01-03 17:22:33',NULL,'2023-01-03'),(939,'n1','2023-01-03 17:22:33',NULL,'2023-01-03'),(940,'n1',NULL,'2023-01-03 17:22:44','2023-01-03'),(941,'n1','2023-01-04 14:15:04',NULL,'2023-01-04'),(942,'n1','2023-01-04 14:15:04',NULL,'2023-01-04'),(943,'n1','2023-01-04 14:23:25',NULL,'2023-01-04'),(944,'n1','2023-01-04 14:23:25',NULL,'2023-01-04'),(945,'n1',NULL,'2023-01-04 14:23:47','2023-01-04'),(946,'n1','2023-01-04 14:24:35',NULL,'2023-01-04'),(947,'n1','2023-01-04 14:24:35',NULL,'2023-01-04'),(948,'n1',NULL,'2023-01-04 14:25:35','2023-01-04'),(949,'n1','2023-01-04 14:25:56',NULL,'2023-01-04'),(950,'n1','2023-01-04 14:25:56',NULL,'2023-01-04'),(951,'n1',NULL,'2023-01-04 14:26:10','2023-01-04'),(952,'n1','2023-01-04 14:28:29',NULL,'2023-01-04'),(953,'n1','2023-01-04 14:28:29',NULL,'2023-01-04'),(954,'n1',NULL,'2023-01-04 14:28:58','2023-01-04'),(955,'n1','2023-01-04 14:30:22',NULL,'2023-01-04'),(956,'n1','2023-01-04 14:30:22',NULL,'2023-01-04'),(957,'n1',NULL,'2023-01-04 14:36:28','2023-01-04'),(958,'n1','2023-01-04 14:36:51',NULL,'2023-01-04'),(959,'n1','2023-01-04 14:36:51',NULL,'2023-01-04'),(960,'n1',NULL,'2023-01-04 14:37:01','2023-01-04'),(961,'n1','2023-01-04 14:41:05',NULL,'2023-01-04'),(962,'n1','2023-01-04 14:41:05',NULL,'2023-01-04'),(963,'n1',NULL,'2023-01-04 14:41:23','2023-01-04'),(964,'n1','2023-01-12 18:09:41',NULL,'2023-01-12'),(965,'n1','2023-01-12 18:09:42',NULL,'2023-01-12'),(966,'n1','2023-01-12 18:15:48',NULL,'2023-01-12'),(967,'n1','2023-01-12 18:15:48',NULL,'2023-01-12'),(968,'n1','2023-01-12 18:47:03',NULL,'2023-01-12'),(969,'n1','2023-01-12 18:47:03',NULL,'2023-01-12'),(970,'n1','2023-01-12 18:51:21',NULL,'2023-01-12'),(971,'n1','2023-01-12 18:51:21',NULL,'2023-01-12'),(972,'n1','2023-01-12 18:53:28',NULL,'2023-01-12'),(973,'n1','2023-01-12 18:53:28',NULL,'2023-01-12'),(974,'n1','2023-01-12 18:57:12',NULL,'2023-01-12'),(975,'n1','2023-01-12 18:57:12',NULL,'2023-01-12'),(976,'n1','2023-01-13 11:22:47',NULL,'2023-01-13'),(977,'n1','2023-01-13 11:22:48',NULL,'2023-01-13'),(978,'n1','2023-01-13 11:25:35',NULL,'2023-01-13'),(979,'n1','2023-01-13 11:25:36',NULL,'2023-01-13'),(980,'n1',NULL,'2023-01-13 11:27:19','2023-01-13'),(981,'n1','2023-01-13 11:27:25',NULL,'2023-01-13'),(982,'n1','2023-01-13 11:27:25',NULL,'2023-01-13'),(983,'n1',NULL,'2023-01-13 11:27:35','2023-01-13'),(984,'n1','2023-01-13 14:32:17',NULL,'2023-01-13'),(985,'n1','2023-01-13 14:32:18',NULL,'2023-01-13'),(986,'n1',NULL,'2023-01-13 14:33:54','2023-01-13'),(987,'n1','2023-01-25 18:33:17',NULL,'2023-01-25'),(988,'n1','2023-01-25 18:33:23',NULL,'2023-01-25'),(989,'n1',NULL,'2023-01-25 18:34:36','2023-01-25'),(990,'n1','2023-01-25 18:34:43',NULL,'2023-01-25'),(991,'n1','2023-01-25 18:34:43',NULL,'2023-01-25'),(992,'n1',NULL,'2023-01-25 18:35:02','2023-01-25'),(993,'n1','2023-01-25 18:48:48',NULL,'2023-01-25'),(994,'n1','2023-01-25 18:48:48',NULL,'2023-01-25'),(995,'n1',NULL,'2023-01-25 18:49:35','2023-01-25'),(996,'n1','2023-01-26 16:47:53',NULL,'2023-01-26'),(997,'n1','2023-01-26 16:47:53',NULL,'2023-01-26'),(998,'n1','2023-02-09 15:50:27',NULL,'2023-02-09'),(999,'n1','2023-02-09 15:50:28',NULL,'2023-02-09'),(1000,'n1',NULL,'2023-02-09 15:50:59','2023-02-09'),(1001,'n1','2023-02-22 19:34:41',NULL,'2023-02-22'),(1002,'n1','2023-02-22 19:34:42',NULL,'2023-02-22'),(1003,'n1',NULL,'2023-02-22 19:36:01','2023-02-22'),(1004,'n1','2023-02-22 19:36:09',NULL,'2023-02-22'),(1005,'n1','2023-02-22 19:36:09',NULL,'2023-02-22'),(1006,'n1',NULL,'2023-02-22 19:36:24','2023-02-22'),(1007,'n1','2023-03-13 16:26:33',NULL,'2023-03-13'),(1008,'n1','2023-03-13 16:26:35',NULL,'2023-03-13'),(1009,'n1',NULL,'2023-03-13 16:27:34','2023-03-13'),(1010,'n1','2023-03-13 16:27:40',NULL,'2023-03-13'),(1011,'n1','2023-03-13 16:27:40',NULL,'2023-03-13'),(1012,'n1',NULL,'2023-03-13 16:28:25','2023-03-13'),(1013,'n1','2023-03-13 16:29:40',NULL,'2023-03-13'),(1014,'n1','2023-03-13 16:29:40',NULL,'2023-03-13'),(1015,'n1',NULL,'2023-03-13 16:30:33','2023-03-13'),(1016,'n1','2023-03-13 16:31:43',NULL,'2023-03-13'),(1017,'n1','2023-03-13 16:31:43',NULL,'2023-03-13'),(1018,'n1',NULL,'2023-03-13 16:32:04','2023-03-13'),(1019,'n1','2023-03-13 16:35:35',NULL,'2023-03-13'),(1020,'n1','2023-03-13 16:35:36',NULL,'2023-03-13'),(1021,'n1',NULL,'2023-03-13 16:36:13','2023-03-13'),(1022,'n1','2023-03-28 18:43:13',NULL,'2023-03-28'),(1023,'n1','2023-03-28 18:43:14',NULL,'2023-03-28'),(1024,'n1',NULL,'2023-03-28 18:44:22','2023-03-28'),(1025,'n1','2023-04-03 18:15:12',NULL,'2023-04-03'),(1026,'n1','2023-04-03 18:15:14',NULL,'2023-04-03'),(1027,'n1',NULL,'2023-04-03 18:16:01','2023-04-03'),(1028,'b1','2023-04-03 18:16:11',NULL,'2023-04-03'),(1029,'b1','2023-04-03 18:16:11',NULL,'2023-04-03'),(1030,'b1',NULL,'2023-04-03 18:17:50','2023-04-03'),(1031,'ak','2023-04-03 18:18:00',NULL,'2023-04-03'),(1032,'ak','2023-04-03 18:18:00',NULL,'2023-04-03'),(1033,'ak',NULL,'2023-04-03 18:18:39','2023-04-03'),(1034,'ak','2023-04-03 18:23:35',NULL,'2023-04-03'),(1035,'ak','2023-04-03 18:23:36',NULL,'2023-04-03'),(1036,'n1','2023-04-04 13:00:37',NULL,'2023-04-04'),(1037,'n1','2023-04-04 13:00:39',NULL,'2023-04-04'),(1038,'n1',NULL,'2023-04-04 13:00:54','2023-04-04'),(1039,'n1','2023-04-22 13:28:22',NULL,'2023-04-22'),(1040,'n1','2023-04-22 13:28:22',NULL,'2023-04-22'),(1041,'n1',NULL,'2023-04-22 13:32:38','2023-04-22'),(1042,'n1','2023-05-31 11:39:52',NULL,'2023-05-31'),(1043,'n1','2023-05-31 11:39:53',NULL,'2023-05-31'),(1044,'n1',NULL,'2023-05-31 11:40:33','2023-05-31'),(1045,'n1','2023-05-31 11:40:39',NULL,'2023-05-31'),(1046,'n1','2023-05-31 11:40:39',NULL,'2023-05-31'),(1047,'n1',NULL,'2023-05-31 11:40:54','2023-05-31'),(1048,'n1','2023-05-31 12:04:13',NULL,'2023-05-31'),(1049,'n1','2023-05-31 12:04:14',NULL,'2023-05-31'),(1050,'n1','2023-06-05 18:56:35',NULL,'2023-06-05'),(1051,'n1','2023-06-05 18:56:36',NULL,'2023-06-05'),(1052,'n1',NULL,'2023-06-05 19:01:09','2023-06-05'),(1053,'n1','2023-06-05 19:01:17',NULL,'2023-06-05'),(1054,'n1','2023-06-05 19:01:17',NULL,'2023-06-05'),(1055,'n1',NULL,'2023-06-05 19:15:21','2023-06-05'),(1056,'b1','2023-06-05 19:15:45',NULL,'2023-06-05'),(1057,'b1','2023-06-05 19:15:45',NULL,'2023-06-05'),(1058,'b1',NULL,'2023-06-05 19:19:16','2023-06-05'),(1059,'nm','2023-06-05 19:19:26',NULL,'2023-06-05'),(1060,'nm','2023-06-05 19:19:26',NULL,'2023-06-05'),(1061,'b1','2024-12-28 15:32:27',NULL,'2024-12-28'),(1062,'b1','2024-12-28 15:32:27',NULL,'2024-12-28'),(1063,'b1',NULL,'2024-12-28 15:33:08','2024-12-28'),(1064,'n2','2024-12-28 15:33:17',NULL,'2024-12-28'),(1065,'n2','2024-12-28 15:33:17',NULL,'2024-12-28'),(1066,'n2',NULL,'2024-12-28 15:33:30','2024-12-28'),(1067,'b1','2024-12-28 15:34:15',NULL,'2024-12-28'),(1068,'b1','2024-12-28 15:34:15',NULL,'2024-12-28'),(1069,'b1',NULL,'2024-12-28 15:39:04','2024-12-28'),(1070,'k2','2024-12-28 15:39:15',NULL,'2024-12-28'),(1071,'k2','2024-12-28 15:39:15',NULL,'2024-12-28'),(1072,'k2',NULL,'2024-12-28 15:39:23','2024-12-28'),(1073,'b1','2024-12-28 15:39:31',NULL,'2024-12-28'),(1074,'b1','2024-12-28 15:39:31',NULL,'2024-12-28'),(1075,'b1',NULL,'2024-12-28 15:39:57','2024-12-28'),(1076,'k2','2024-12-28 15:40:07',NULL,'2024-12-28'),(1077,'k2','2024-12-28 15:40:07',NULL,'2024-12-28'),(1078,'k2',NULL,'2024-12-28 15:40:27','2024-12-28'),(1079,'n2','2024-12-28 15:45:25',NULL,'2024-12-28'),(1080,'n2','2024-12-28 15:45:26',NULL,'2024-12-28'),(1081,'n2',NULL,'2024-12-28 15:45:36','2024-12-28'),(1082,'n2','2024-12-28 17:37:19',NULL,'2024-12-28'),(1083,'n2','2024-12-28 17:37:22',NULL,'2024-12-28'),(1084,'n2',NULL,'2024-12-28 17:38:20','2024-12-28'),(1085,'b1','2024-12-28 17:38:36',NULL,'2024-12-28'),(1086,'b1','2024-12-28 17:38:36',NULL,'2024-12-28'),(1087,'b1',NULL,'2024-12-28 17:40:23','2024-12-28'),(1088,'b1','2024-12-30 17:39:29',NULL,'2024-12-30'),(1089,'b1','2024-12-30 17:39:30',NULL,'2024-12-30'),(1090,'b1',NULL,'2024-12-30 18:02:54','2024-12-30'),(1091,'v2','2024-12-30 18:03:05',NULL,'2024-12-30'),(1092,'v2','2024-12-30 18:03:06',NULL,'2024-12-30'),(1093,'v2',NULL,'2024-12-30 18:03:58','2024-12-30'),(1094,'b1','2025-02-14 10:20:10',NULL,'2025-02-14'),(1095,'b1','2025-02-14 10:20:11',NULL,'2025-02-14'),(1096,'b1','2025-02-23 17:10:53',NULL,'2025-02-23'),(1097,'b1','2025-02-23 17:10:54',NULL,'2025-02-23'),(1098,'b1',NULL,'2025-02-23 17:11:06','2025-02-23');

/*Table structure for table `sm_moduledetails` */

DROP TABLE IF EXISTS `sm_moduledetails`;

CREATE TABLE `sm_moduledetails` (
  `id` int DEFAULT NULL,
  `modulename` varchar(100) DEFAULT NULL,
  `level` int DEFAULT NULL,
  `moduleid` int DEFAULT NULL,
  `orderid` int DEFAULT NULL
) ENGINE=InnoDB DEFAULT CHARSET=latin1;

/*Data for the table `sm_moduledetails` */

insert  into `sm_moduledetails`(id,modulename,level,moduleid,orderid) values (1000,'Home',1,1,1),(2000,'Candidate',1,2,2),(3000,'Clients',1,3,3),(4000,'Jobs',1,4,4),(5000,'Dashboard',1,5,5),(6000,'Reports',1,6,6),(7000,'Settings',1,7,7),(2100,'Register',2,2000,1),(2200,'Process',2,2000,2),(2300,'Remove',2,2000,3),(3100,'Register',2,3000,1),(3200,'Process',2,3000,2),(3300,'Remove',2,3000,3),(4100,'Register',2,4000,1),(4200,'Process',2,4000,2),(4300,'Remove',2,4000,3),(5100,'Apply',2,5000,1),(5200,'Process',2,5000,2),(5300,'Remove',2,5000,3),(6100,'Candidate',2,6000,1),(6200,'Client',2,6000,2),(6300,'Jobs',2,6000,3),(6400,'Dashboard',2,6000,4),(7100,'User',2,7000,1),(7200,'Role',2,7000,2);

/*Table structure for table `sm_roledetails` */

DROP TABLE IF EXISTS `sm_roledetails`;

CREATE TABLE `sm_roledetails` (
  `roleid` int NOT NULL AUTO_INCREMENT,
  `rolename` varchar(50) DEFAULT NULL,
  `dateadded` timestamp NOT NULL DEFAULT CURRENT_TIMESTAMP ON UPDATE CURRENT_TIMESTAMP,
  `createdby` varchar(100) DEFAULT NULL,
  PRIMARY KEY (`roleid`)
) ENGINE=InnoDB AUTO_INCREMENT=16 DEFAULT CHARSET=latin1;

/*Data for the table `sm_roledetails` */

insert  into `sm_roledetails`(roleid,rolename,dateadded,createdby) values (1,'ADMIN','2022-11-25 14:55:55',NULL),(2,'USER','2022-11-25 14:56:00',NULL),(3,'JOBSEEKER','2022-11-25 14:56:39',NULL),(4,'CLIENT','2022-11-25 14:56:46',NULL),(6,'THIRDPARTY','2022-11-30 08:58:10',NULL),(7,'SUPERUSER','2022-11-30 09:01:11','n1'),(8,'SUPERUSER1','2022-11-30 09:01:52','n1'),(9,'SUPERUSER3','2022-11-30 09:03:05','n1'),(10,'SUPERUSER4','2022-11-30 09:16:05','n1'),(11,'SUPERUSER5','2022-11-30 09:16:55','n1'),(12,'HR','2022-12-15 13:19:48','n1'),(13,'ACCOUNTANT','2023-06-05 19:18:58','b1'),(14,'CTO','2024-12-28 15:35:33','b1'),(15,'CEO','2024-12-30 17:59:30','b1');

/*Table structure for table `sm_rolesrightdetails` */

DROP TABLE IF EXISTS `sm_rolesrightdetails`;

CREATE TABLE `sm_rolesrightdetails` (
  `roleid` int DEFAULT NULL,
  `rights` int DEFAULT NULL,
  `id` int DEFAULT NULL,
  `modulename` varchar(100) DEFAULT NULL,
  `level` int DEFAULT NULL,
  `moduleid` int DEFAULT NULL,
  `orderid` int DEFAULT NULL
) ENGINE=InnoDB DEFAULT CHARSET=latin1;

/*Data for the table `sm_rolesrightdetails` */

insert  into `sm_rolesrightdetails`(roleid,rights,id,modulename,level,moduleid,orderid) values (1,1,1000,'Home',1,1,1),(1,1,2000,'Candidate',1,2,2),(1,1,3000,'Clients',1,3,3),(1,1,4000,'Jobs',1,4,4),(1,1,5000,'Dashboard',1,5,5),(1,1,6000,'Reports',1,6,6),(1,1,7000,'Settings',1,7,7),(1,1,2100,'Register',2,2000,1),(1,1,2200,'Process',2,2000,2),(1,1,2300,'Remove',2,2000,3),(1,1,3100,'Register',2,3000,1),(1,1,3200,'Process',2,3000,2),(1,1,3300,'Remove',2,3000,3),(1,1,4100,'Register',2,4000,1),(1,1,4200,'Process',2,4000,2),(1,1,4300,'Remove',2,4000,3),(1,1,5100,'Apply',2,5000,1),(1,1,5200,'Process',2,5000,2),(1,1,5300,'Remove',2,5000,3),(1,1,6100,'Candidate',2,6000,1),(1,1,6200,'Client',2,6000,2),(1,1,6300,'Jobs',2,6000,3),(1,1,6400,'Dashboard',2,6000,4),(3,0,1000,'Home',1,1,1),(3,0,2000,'Candidate',1,2,2),(3,0,3000,'Clients',1,3,3),(3,1,4000,'Jobs',1,4,4),(3,0,5000,'Dashboard',1,5,5),(3,0,6000,'Reports',1,6,6),(3,0,7000,'Settings',1,7,7),(3,0,2100,'Register',2,2000,1),(3,0,2200,'Process',2,2000,2),(3,0,2300,'Remove',2,2000,3),(3,0,3100,'Register',2,3000,1),(3,0,3200,'Process',2,3000,2),(3,0,3300,'Remove',2,3000,3),(3,1,4100,'Register',2,4000,1),(3,1,4200,'Process',2,4000,2),(3,1,4300,'Remove',2,4000,3),(3,0,5100,'Apply',2,5000,1),(3,0,5200,'Process',2,5000,2),(3,0,5300,'Remove',2,5000,3),(3,0,6100,'Candidate',2,6000,1),(3,0,6200,'Client',2,6000,2),(3,0,6300,'Jobs',2,6000,3),(3,0,6400,'Dashboard',2,6000,4),(4,0,1000,'Home',1,1,1),(4,0,2000,'Candidate',1,2,2),(4,0,3000,'Clients',1,3,3),(4,0,4000,'Jobs',1,4,4),(4,1,5000,'Dashboard',1,5,5),(4,0,6000,'Reports',1,6,6),(4,0,7000,'Settings',1,7,7),(4,0,2100,'Register',2,2000,1),(4,0,2200,'Process',2,2000,2),(4,0,2300,'Remove',2,2000,3),(4,0,3100,'Register',2,3000,1),(4,0,4300,'Remove',2,4000,3),(4,1,5100,'Apply',2,5000,1),(4,1,5200,'Process',2,5000,2),(4,1,5300,'Remove',2,5000,3),(4,0,6100,'Candidate',2,6000,1),(4,0,6200,'Client',2,6000,2),(4,0,6300,'Jobs',2,6000,3),(4,0,6400,'Dashboard',2,6000,4),(1,1,7100,'User',2,7000,1),(3,0,7100,'User',2,7000,1),(4,0,7100,'User',2,7000,1),(1,1,7200,'Role',2,7000,2),(4,0,7200,'Role',2,7000,2),(6,0,1000,'Home',1,1,1),(6,0,2000,'Candidate',1,2,2),(6,0,3000,'Clients',1,3,3),(6,0,4000,'Jobs',1,4,4),(6,0,5000,'Dashboard',1,5,5),(6,0,6000,'Reports',1,6,6),(6,0,7000,'Settings',1,7,7),(6,0,2100,'Register',2,2000,1),(6,0,2200,'Process',2,2000,2),(6,0,2300,'Remove',2,2000,3),(6,0,3100,'Register',2,3000,1),(6,0,3200,'Process',2,3000,2),(6,0,3300,'Remove',2,3000,3),(6,0,4100,'Register',2,4000,1),(6,0,4200,'Process',2,4000,2),(6,0,4300,'Remove',2,4000,3),(6,0,5100,'Apply',2,5000,1),(6,0,5200,'Process',2,5000,2),(6,0,5300,'Remove',2,5000,3),(6,0,6100,'Candidate',2,6000,1),(6,0,6200,'Client',2,6000,2),(6,0,6300,'Jobs',2,6000,3),(6,0,6400,'Dashboard',2,6000,4),(6,0,7100,'User',2,7000,1),(6,0,7200,'Role',2,7000,2),(7,1,1000,'Home',1,1,1),(7,0,2000,'Candidate',1,2,2),(7,0,3000,'Clients',1,3,3),(7,0,4000,'Jobs',1,4,4),(7,0,5000,'Dashboard',1,5,5),(7,0,6000,'Reports',1,6,6),(7,0,7000,'Settings',1,7,7),(7,0,2100,'Register',2,2000,1),(7,0,2200,'Process',2,2000,2),(7,0,2300,'Remove',2,2000,3),(7,0,3100,'Register',2,3000,1),(7,0,3200,'Process',2,3000,2),(7,0,3300,'Remove',2,3000,3),(7,0,4100,'Register',2,4000,1),(7,0,4200,'Process',2,4000,2),(7,0,4300,'Remove',2,4000,3),(7,0,5100,'Apply',2,5000,1),(7,0,5200,'Process',2,5000,2),(7,0,5300,'Remove',2,5000,3),(7,0,6100,'Candidate',2,6000,1),(7,0,6200,'Client',2,6000,2),(7,0,6300,'Jobs',2,6000,3),(7,0,6400,'Dashboard',2,6000,4),(7,0,7100,'User',2,7000,1),(7,0,7200,'Role',2,7000,2),(8,0,1000,'Home',1,1,1),(8,0,2000,'Candidate',1,2,2),(8,0,3000,'Clients',1,3,3),(8,0,4000,'Jobs',1,4,4),(8,0,5000,'Dashboard',1,5,5),(8,0,6000,'Reports',1,6,6),(8,0,7000,'Settings',1,7,7),(8,0,2100,'Register',2,2000,1),(8,0,2200,'Process',2,2000,2),(8,0,2300,'Remove',2,2000,3),(8,0,3100,'Register',2,3000,1),(8,0,3200,'Process',2,3000,2),(8,0,3300,'Remove',2,3000,3),(8,0,4100,'Register',2,4000,1),(8,0,4200,'Process',2,4000,2),(8,0,4300,'Remove',2,4000,3),(8,0,5100,'Apply',2,5000,1),(8,0,5200,'Process',2,5000,2),(8,0,5300,'Remove',2,5000,3),(8,0,6100,'Candidate',2,6000,1),(8,0,6200,'Client',2,6000,2),(8,0,6300,'Jobs',2,6000,3),(8,0,6400,'Dashboard',2,6000,4),(8,0,7100,'User',2,7000,1),(8,0,7200,'Role',2,7000,2),(9,0,1000,'Home',1,1,1),(9,0,2000,'Candidate',1,2,2),(9,0,3000,'Clients',1,3,3),(9,0,4000,'Jobs',1,4,4),(9,0,5000,'Dashboard',1,5,5),(9,0,6000,'Reports',1,6,6),(9,0,7000,'Settings',1,7,7),(9,0,2100,'Register',2,2000,1),(9,0,2200,'Process',2,2000,2),(9,0,2300,'Remove',2,2000,3),(9,0,3100,'Register',2,3000,1),(9,0,3200,'Process',2,3000,2),(9,0,3300,'Remove',2,3000,3),(9,0,4100,'Register',2,4000,1),(9,0,4200,'Process',2,4000,2),(9,0,4300,'Remove',2,4000,3),(9,0,5100,'Apply',2,5000,1),(9,0,5200,'Process',2,5000,2),(9,0,5300,'Remove',2,5000,3),(9,0,6100,'Candidate',2,6000,1),(9,0,6200,'Client',2,6000,2),(9,0,6300,'Jobs',2,6000,3),(9,0,6400,'Dashboard',2,6000,4),(9,0,7100,'User',2,7000,1),(9,0,7200,'Role',2,7000,2),(10,0,1000,'Home',1,1,1),(10,0,2000,'Candidate',1,2,2),(10,0,3000,'Clients',1,3,3),(10,0,4000,'Jobs',1,4,4),(10,0,5000,'Dashboard',1,5,5),(10,0,6000,'Reports',1,6,6),(10,0,7000,'Settings',1,7,7),(10,0,2100,'Register',2,2000,1),(10,0,2200,'Process',2,2000,2),(10,0,2300,'Remove',2,2000,3),(10,0,3100,'Register',2,3000,1),(10,0,3200,'Process',2,3000,2),(10,0,3300,'Remove',2,3000,3),(10,0,4100,'Register',2,4000,1),(10,0,4200,'Process',2,4000,2),(10,0,4300,'Remove',2,4000,3),(10,0,5100,'Apply',2,5000,1),(10,0,5200,'Process',2,5000,2),(10,0,5300,'Remove',2,5000,3),(10,0,6100,'Candidate',2,6000,1),(10,0,6200,'Client',2,6000,2),(10,0,6300,'Jobs',2,6000,3),(10,0,6400,'Dashboard',2,6000,4),(10,0,7100,'User',2,7000,1),(10,0,7200,'Role',2,7000,2),(11,0,1000,'Home',1,1,1),(11,0,2000,'Candidate',1,2,2),(11,0,3000,'Clients',1,3,3),(11,0,4000,'Jobs',1,4,4),(11,0,5000,'Dashboard',1,5,5),(11,0,6000,'Reports',1,6,6),(11,0,7000,'Settings',1,7,7),(11,0,2100,'Register',2,2000,1),(11,0,2200,'Process',2,2000,2),(11,0,2300,'Remove',2,2000,3),(11,0,3100,'Register',2,3000,1),(11,0,3200,'Process',2,3000,2),(11,0,3300,'Remove',2,3000,3),(11,0,4100,'Register',2,4000,1),(11,0,4200,'Process',2,4000,2),(11,0,4300,'Remove',2,4000,3),(11,0,5100,'Apply',2,5000,1),(11,0,5200,'Process',2,5000,2),(11,0,5300,'Remove',2,5000,3),(11,0,6100,'Candidate',2,6000,1),(11,0,6200,'Client',2,6000,2),(11,0,6300,'Jobs',2,6000,3),(11,0,6400,'Dashboard',2,6000,4),(11,0,7100,'User',2,7000,1),(11,0,7200,'Role',2,7000,2),(12,0,1000,'Home',1,1,1),(12,1,2000,'Candidate',1,2,2),(12,0,3000,'Clients',1,3,3),(12,1,4000,'Jobs',1,4,4),(12,0,5000,'Dashboard',1,5,5),(12,0,6000,'Reports',1,6,6),(12,0,7000,'Settings',1,7,7),(12,1,2100,'Register',2,2000,1),(12,1,2200,'Process',2,2000,2),(12,1,2300,'Remove',2,2000,3),(12,0,3100,'Register',2,3000,1),(12,0,3200,'Process',2,3000,2),(12,0,3300,'Remove',2,3000,3),(12,1,4100,'Register',2,4000,1),(12,1,4200,'Process',2,4000,2),(12,1,4300,'Remove',2,4000,3),(12,0,5100,'Apply',2,5000,1),(12,0,5200,'Process',2,5000,2),(12,0,5300,'Remove',2,5000,3),(12,0,6100,'Candidate',2,6000,1),(12,0,6200,'Client',2,6000,2),(12,0,6300,'Jobs',2,6000,3),(12,0,6400,'Dashboard',2,6000,4),(12,0,7100,'User',2,7000,1),(12,0,7200,'Role',2,7000,2),(13,0,1000,'Home',1,1,1),(13,0,2000,'Candidate',1,2,2),(13,0,3000,'Clients',1,3,3),(13,0,4000,'Jobs',1,4,4),(13,0,5000,'Dashboard',1,5,5),(13,0,6000,'Reports',1,6,6),(13,0,7000,'Settings',1,7,7),(13,0,2100,'Register',2,2000,1),(13,0,2200,'Process',2,2000,2),(13,0,2300,'Remove',2,2000,3),(13,0,3100,'Register',2,3000,1),(13,0,3200,'Process',2,3000,2),(13,0,3300,'Remove',2,3000,3),(13,0,4100,'Register',2,4000,1),(13,0,4200,'Process',2,4000,2),(13,0,4300,'Remove',2,4000,3),(13,0,5100,'Apply',2,5000,1),(13,0,5200,'Process',2,5000,2),(13,0,5300,'Remove',2,5000,3),(13,0,6100,'Candidate',2,6000,1),(13,0,6200,'Client',2,6000,2),(13,0,6300,'Jobs',2,6000,3),(13,0,6400,'Dashboard',2,6000,4),(13,0,7100,'User',2,7000,1),(13,0,7200,'Role',2,7000,2),(14,0,1000,'Home',1,1,1),(14,0,2000,'Candidate',1,2,2),(14,0,3000,'Clients',1,3,3),(14,0,4000,'Jobs',1,4,4),(14,0,5000,'Dashboard',1,5,5),(14,0,6000,'Reports',1,6,6),(14,1,7000,'Settings',1,7,7),(14,0,2100,'Register',2,2000,1),(14,0,2200,'Process',2,2000,2),(14,0,2300,'Remove',2,2000,3),(14,0,3100,'Register',2,3000,1),(14,0,3200,'Process',2,3000,2),(14,0,3300,'Remove',2,3000,3),(14,0,4100,'Register',2,4000,1),(14,0,4200,'Process',2,4000,2),(14,0,4300,'Remove',2,4000,3),(14,0,5100,'Apply',2,5000,1),(14,0,5200,'Process',2,5000,2),(14,0,5300,'Remove',2,5000,3),(14,0,6100,'Candidate',2,6000,1),(14,0,6200,'Client',2,6000,2),(14,0,6300,'Jobs',2,6000,3),(14,0,6400,'Dashboard',2,6000,4),(14,1,7100,'User',2,7000,1),(14,1,7200,'Role',2,7000,2),(15,0,1000,'Home',1,1,1),(15,1,2000,'Candidate',1,2,2),(15,0,3000,'Clients',1,3,3),(15,0,4000,'Jobs',1,4,4),(15,0,5000,'Dashboard',1,5,5),(15,0,6000,'Reports',1,6,6),(15,0,7000,'Settings',1,7,7),(15,1,2100,'Register',2,2000,1),(15,1,2200,'Process',2,2000,2),(15,1,2300,'Remove',2,2000,3),(15,0,3100,'Register',2,3000,1),(15,0,3200,'Process',2,3000,2),(15,0,3300,'Remove',2,3000,3),(15,0,4100,'Register',2,4000,1),(15,0,4200,'Process',2,4000,2),(15,0,4300,'Remove',2,4000,3),(15,0,5100,'Apply',2,5000,1),(15,0,5200,'Process',2,5000,2),(15,0,5300,'Remove',2,5000,3),(15,0,6100,'Candidate',2,6000,1),(15,0,6200,'Client',2,6000,2),(15,0,6300,'Jobs',2,6000,3),(15,0,6400,'Dashboard',2,6000,4),(15,0,7100,'User',2,7000,1),(15,0,7200,'Role',2,7000,2);

/*Table structure for table `sm_userdetails` */

DROP TABLE IF EXISTS `sm_userdetails`;

CREATE TABLE `sm_userdetails` (
  `id` int NOT NULL AUTO_INCREMENT,
  `userrefno` varchar(100) DEFAULT NULL,
  `firstname` varchar(100) DEFAULT NULL,
  `lastname` varchar(100) DEFAULT NULL,
  `fullname` varchar(100) DEFAULT NULL,
  `email` varchar(100) DEFAULT NULL,
  `contactnumber` varchar(100) DEFAULT NULL,
  `address1` varchar(100) DEFAULT NULL,
  `address2` varchar(100) DEFAULT NULL,
  `address3` varchar(100) DEFAULT NULL,
  `city` varchar(100) DEFAULT NULL,
  `state` varchar(100) DEFAULT NULL,
  `zip` varchar(100) DEFAULT NULL,
  `country` varchar(100) DEFAULT NULL,
  `roleid` int DEFAULT NULL,
  `rolename` varchar(100) DEFAULT NULL,
  `jobtitle` varchar(100) DEFAULT NULL,
  `username` varchar(100) DEFAULT NULL,
  `password` varchar(100) DEFAULT NULL,
  `online` int DEFAULT '1' COMMENT '0-->Offline;1-->Online',
  `dateadded` timestamp NOT NULL DEFAULT '0000-00-00 00:00:00',
  `createdby` varchar(100) DEFAULT NULL,
  `isactiveuser` int DEFAULT '1' COMMENT '0-->Disabled;1-->ActiveUser',
  `dbname` varchar(100) DEFAULT NULL,
  `clientname` varchar(100) DEFAULT NULL,
  PRIMARY KEY (`id`)
) ENGINE=InnoDB AUTO_INCREMENT=18 DEFAULT CHARSET=latin1;

/*Data for the table `sm_userdetails` */

insert  into `sm_userdetails`(id,userrefno,firstname,lastname,fullname,email,contactnumber,address1,address2,address3,city,state,zip,country,roleid,rolename,jobtitle,username,password,online,dateadded,createdby,isactiveuser,dbname,clientname) values (1,'USREF1001','Balraj','Yesu','Balraj Yesu','balraj.s@gmail.com','9154812345',NULL,NULL,NULL,NULL,NULL,NULL,NULL,1,'ADMIN','Software Engineer','b1','p1',0,'1970-01-01 10:41:25','Administrator',1,'jcms','tecode'),(2,'USREF1002','Noorul','Ameen','Noorul Ameen','noorul.a@gmail.com','2545184456',NULL,NULL,NULL,NULL,NULL,NULL,NULL,1,'ADMIN','Technology Architect','n1','p1',0,'1970-01-30 10:41:32','Administrator',1,'jcms','tecode'),(3,'USREF1003','Pugal','Srp','Pugal Srp','pugal.srp@gmail.com','9548544444',NULL,NULL,NULL,NULL,NULL,NULL,NULL,1,'ADMIN','Accountant','p1','p1',0,'2020-01-01 10:53:51','Administrator',1,'jcms','tecode'),(4,'USREF1004','Naveen','M','Naveen M','naveen@gmail.com','9554522222',NULL,NULL,NULL,NULL,NULL,NULL,NULL,3,'JOBSEEKER','Student','n2','p1',0,'1970-01-14 14:58:32','Administrator',1,'jcms','tecode'),(5,'USREF1005','Tom','Hall','Tom Hall','tomhall@gmail.com','8545211125',NULL,NULL,NULL,NULL,NULL,NULL,NULL,4,'CLIENT','Director','t1','p1',0,'1970-01-15 14:59:53','Administrator',1,'jcms','tecode'),(6,'USREF20225229105201','kv','pugazh','kv pugazh','kavitha2000@gmail.com',NULL,NULL,NULL,NULL,NULL,NULL,NULL,NULL,0,'USER','Software Developer','kp','p1',0,'2022-11-29 11:04:48',NULL,1,NULL,NULL),(7,'USREF20225229125200','Sakithya','Pugalenthi','Sakithya Pugalenthi','sp@gmail.com',NULL,NULL,NULL,NULL,NULL,NULL,NULL,NULL,1,'ADMIN','HR Executive','s1','p1',0,'2022-11-29 12:53:22','n1',1,NULL,NULL),(8,'USREF20220129010152','Akalya','P','Akalya P','akalya@gmail.com','9884511111',NULL,NULL,NULL,NULL,NULL,NULL,NULL,3,'JOBSEEKER','Doctor','ak','p1',1,'2022-11-29 13:02:42','n1',1,NULL,NULL),(10,'USREF20221830091837','SACHIN','SR','SACHIN SR','sachin@gmail.com','9884122222',NULL,NULL,NULL,NULL,NULL,NULL,NULL,6,'THIRDPARTY','Chairman','s1','p1',0,'2022-11-30 09:19:19','n1',1,NULL,NULL),(11,'USREF20221104021118','Vishal','Reddy','Vishal Reddy','vishal@gmail.com','95554511111',NULL,NULL,NULL,NULL,NULL,NULL,NULL,1,'ADMIN','SeniorDeveloper','v1','p1',0,'2022-12-04 14:12:18','n1',1,NULL,NULL),(12,'USREF20224504024512','Hari','Priya','Hari Priya','hari@gmail.com','9884811111',NULL,NULL,NULL,NULL,NULL,NULL,NULL,1,'ADMIN','Technology Architect','h1','p1',0,'2022-12-04 14:45:53','n1',1,NULL,NULL),(13,'USREF20221515021538','Panneeselvam','Sr','Panneeselvam Sr','panneer@gmail.com','9884826011',NULL,NULL,NULL,NULL,NULL,NULL,NULL,4,'CLIENT','Owner','ps','p1',0,'2022-12-15 14:16:47','n1',1,'',''),(14,'USREF20221116011114','Praveen','Kumar','Praveen Kumar','praveen@gmail.com','9884826017',NULL,NULL,NULL,NULL,NULL,NULL,NULL,12,'HR','Manager','pr','p2',0,'2022-12-16 13:12:25','n1',1,'',''),(15,'USREF20231705071730','NIRMAL','MURUGAN','NIRMAL MURUGAN','nirmal@gmail.com','9884812345',NULL,NULL,NULL,NULL,NULL,NULL,NULL,1,'ADMIN','Software Engineer','nm','p1',1,'2023-06-05 19:18:27','b1',1,'',''),(16,'USREF20243728033743','Kumarasamy','Thangapandi','Kumarasamy Thangapandi','Kt@gmail.com','5425511111',NULL,NULL,NULL,NULL,NULL,NULL,NULL,14,'CTO','Mr','k2','p1',0,'2024-12-28 15:38:37','b1',1,'',''),(17,'USREF20240130060103','Vijitha','vangala','Vijitha vangala','viji@gmail.com','7654423876',NULL,NULL,NULL,NULL,NULL,NULL,NULL,15,'CEO','Engineer','v2','p1',0,'2024-12-30 18:02:33','b1',1,NULL,NULL);

/*Table structure for table `spring_session` */

DROP TABLE IF EXISTS `spring_session`;

CREATE TABLE `spring_session` (
  `PRIMARY_ID` char(36) NOT NULL,
  `SESSION_ID` char(36) NOT NULL,
  `CREATION_TIME` bigint NOT NULL,
  `LAST_ACCESS_TIME` bigint NOT NULL,
  `MAX_INACTIVE_INTERVAL` int NOT NULL,
  `EXPIRY_TIME` bigint NOT NULL,
  `PRINCIPAL_NAME` varchar(100) DEFAULT NULL,
  PRIMARY KEY (`PRIMARY_ID`),
  UNIQUE KEY `SPRING_SESSION_IX1` (`SESSION_ID`),
  KEY `SPRING_SESSION_IX2` (`EXPIRY_TIME`),
  KEY `SPRING_SESSION_IX3` (`PRINCIPAL_NAME`)
) ENGINE=InnoDB DEFAULT CHARSET=utf8mb4 COLLATE=utf8mb4_0900_ai_ci ROW_FORMAT=DYNAMIC;

/*Data for the table `spring_session` */

insert  into `spring_session`(PRIMARY_ID,SESSION_ID,CREATION_TIME,LAST_ACCESS_TIME,MAX_INACTIVE_INTERVAL,EXPIRY_TIME,PRINCIPAL_NAME) values ('7a4b2992-7533-4c28-8dcc-bc1dedebe038','3e970bed-21fa-4492-bf32-312c10e19885',1669180029909,1669180244814,9000,1669189244814,NULL);

/*Table structure for table `spring_session_attributes` */

DROP TABLE IF EXISTS `spring_session_attributes`;

CREATE TABLE `spring_session_attributes` (
  `SESSION_PRIMARY_ID` char(36) NOT NULL,
  `ATTRIBUTE_NAME` varchar(200) NOT NULL,
  `ATTRIBUTE_BYTES` blob NOT NULL,
  PRIMARY KEY (`SESSION_PRIMARY_ID`,`ATTRIBUTE_NAME`),
  CONSTRAINT `SPRING_SESSION_ATTRIBUTES_FK` FOREIGN KEY (`SESSION_PRIMARY_ID`) REFERENCES `spring_session` (`PRIMARY_ID`) ON DELETE CASCADE
) ENGINE=InnoDB DEFAULT CHARSET=utf8mb4 COLLATE=utf8mb4_0900_ai_ci ROW_FORMAT=DYNAMIC;

/*Data for the table `spring_session_attributes` */

/*!40101 SET SQL_MODE=@OLD_SQL_MODE */;
/*!40014 SET FOREIGN_KEY_CHECKS=@OLD_FOREIGN_KEY_CHECKS */;
